apartment_number,building,floor,plot_number,apartment_type,rooms,area_sqm,balcony_garden_sqm,target_price,storage_sqm,parking_spaces,directions,final_price,apartment_plan_url,floor_plan_url,id,source_url,source_section,scan_date
1,1,קרקע,228,1-A,6,157.35,203.06,לא,10.42,2,צפון / מזרח/דרום,,,,B1-A1,https://shoval-haifa.webzsites.site/#priceListD,מבנה 1,2026-07-29
2,1,1,228,1-B,5,128.98,24.22,כן,5.46,2,צפון / מזרח/דרום,"1,892,622 ₪",,,B1-A2,https://shoval-haifa.webzsites.site/#priceListD,מבנה 1,2026-07-29
3,1,1,228,1-C,5,129.31,24.59,כן,5.82,2,צפון / מערב/דרום,"1,900,900 ₪",,,B1-A3,https://shoval-haifa.webzsites.site/#priceListD,מבנה 1,2026-07-29
4,1,2,228,1-B,5,128.98,24.22,כן,5.49,2,צפון / מזרח/דרום,"1,892,807 ₪",,,B1-A4,https://shoval-haifa.webzsites.site/#priceListD,מבנה 1,2026-07-29
5,1,2,228,1-C,5,129.31,24.59,כן,6.24,2,צפון / מערב/דרום,"1,903,497 ₪",,,B1-A5,https://shoval-haifa.webzsites.site/#priceListD,מבנה 1,2026-07-29
6,1,3,228,1-B,5,128.98,24.22,כן,5.88,2,צפון / מזרח/דרום,"1,895,219 ₪",,,B1-A6,https://shoval-haifa.webzsites.site/#priceListD,מבנה 1,2026-07-29
7,1,3,228,1-C,5,129.31,24.59,כן,6.94,2,צפון / מערב/דרום,"1,907,826 ₪",,,B1-A7,https://shoval-haifa.webzsites.site/#priceListD,מבנה 1,2026-07-29
8,1,4,228,1-B,5,128.98,24.22,כן,6.57,2,צפון / מזרח/דרום,"1,899,486 ₪",,,B1-A8,https://shoval-haifa.webzsites.site/#priceListD,מבנה 1,2026-07-29
9,1,4,228,1-C,5,129.31,24.59,כן,7.91,2,צפון / מערב/דרום,"1,913,824 ₪",,,B1-A9,https://shoval-haifa.webzsites.site/#priceListD,מבנה 1,2026-07-29
10,1,5,228,1-B-1,5,128.98,24.22,כן,8.27,2,צפון / מזרח/דרום,"1,909,998 ₪",,,B1-A10,https://shoval-haifa.webzsites.site/#priceListD,מבנה 1,2026-07-29
11,1,5,228,1-C-1,5,129.31,24.59,כן,9.02,2,צפון / מערב/דרום,"1,920,688 ₪",,,B1-A11,https://shoval-haifa.webzsites.site/#priceListD,מבנה 1,2026-07-29
12,1,6,228,1-D,6,167.78,121.36,לא,8.56,2,צפון / מזרח/דרום/מערב,,,,B1-A12,https://shoval-haifa.webzsites.site/#priceListD,מבנה 1,2026-07-29
1,2,קרקע,228,2-A,5,143.19,161.93,לא,10.44,2,צפון/מזרח/דרום,,,,B2-A1,https://shoval-haifa.webzsites.site/#priceListD,מבנה 2,2026-07-29
2,2,קרקע,228,2-B,5,141.20,100.27,לא,9.37,2,מערב/דרום/מזרח,,,,B2-A2,https://shoval-haifa.webzsites.site/#priceListD,מבנה 2,2026-07-29
3,2,1,228,2-C,5,125.84,21.46,כן,9.12,2,מערב/דרום/מזרח,"1,861,193 ₪",,,B2-A3,https://shoval-haifa.webzsites.site/#priceListD,מבנה 2,2026-07-29
4,2,1,228,2-D,5,125.85,21.27,כן,8.19,2,צפון/מזרח/דרום,"1,854,693 ₪",,,B2-A4,https://shoval-haifa.webzsites.site/#priceListD,מבנה 2,2026-07-29
5,2,1,228,2-E,3,80.00,17.98,כן,6.86,2,צפון/מערב,"1,139,502 ₪",,,B2-A5,https://shoval-haifa.webzsites.site/#priceListD,מבנה 2,2026-07-29
6,2,2,228,2-C,5,125.84,21.46,כן,8.65,2,מערב/דרום/מזרח,"1,858,287 ₪",,,B2-A6,https://shoval-haifa.webzsites.site/#priceListD,מבנה 2,2026-07-29
7,2,2,228,2-D,5,125.85,21.27,כן,8.53,2,צפון/מזרח/דרום,"1,856,795 ₪",,,B2-A7,https://shoval-haifa.webzsites.site/#priceListD,מבנה 2,2026-07-29
8,2,2,228,2-E,3,80.00,17.98,כן,7.52,2,צפון/מערב,"1,142,767 ₪",,,B2-A8,https://shoval-haifa.webzsites.site/#priceListD,מבנה 2,2026-07-29
9,2,3,228,2-C,5,125.84,21.46,כן,9.33,2,מערב/דרום/מזרח,"1,862,492 ₪",,,B2-A9,https://shoval-haifa.webzsites.site/#priceListD,מבנה 2,2026-07-29
10,2,3,228,2-D,5,125.85,21.27,כן,8.80,2,צפון/מזרח/דרום,"1,858,465 ₪",,,B2-A10,https://shoval-haifa.webzsites.site/#priceListD,מבנה 2,2026-07-29
11,2,3,228,2-E,3,80.00,17.98,כן,7.61,2,צפון/מערב,"1,143,213 ₪",,,B2-A11,https://shoval-haifa.webzsites.site/#priceListD,מבנה 2,2026-07-29
12,2,4,228,2-C,5,125.84,21.46,כן,8.79,2,מערב/דרום/מזרח,"1,859,153 ₪",,,B2-A12,https://shoval-haifa.webzsites.site/#priceListD,מבנה 2,2026-07-29
13,2,4,228,2-D,5,125.85,21.27,כן,9.79,2,צפון/מזרח/דרום,"1,864,587 ₪",,,B2-A13,https://shoval-haifa.webzsites.site/#priceListD,מבנה 2,2026-07-29
14,2,4,228,2-E,3,80.00,17.98,כן,8.86,2,צפון/מערב,"1,149,396 ₪",,,B2-A14,https://shoval-haifa.webzsites.site/#priceListD,מבנה 2,2026-07-29
15,2,5,228,2-C-1,5,125.84,21.46,כן,8.93,2,מערב/דרום/מזרח,"1,860,018 ₪",,,B2-A15,https://shoval-haifa.webzsites.site/#priceListD,מבנה 2,2026-07-29
16,2,5,228,2-D-1,5,125.85,21.27,כן,9.32,2,צפון/מזרח/דרום,"1,861,680 ₪",,,B2-A16,https://shoval-haifa.webzsites.site/#priceListD,מבנה 2,2026-07-29
17,2,5,228,2-E-1,3,80.00,17.98,כן,7.54,2,צפון/מערב,"1,142,866 ₪",,,B2-A17,https://shoval-haifa.webzsites.site/#priceListD,מבנה 2,2026-07-29
18,2,6,228,2-F,5,144.62,39.14,לא,9.43,2,מערב/דרום/מזרח,,,,B2-A18,https://shoval-haifa.webzsites.site/#priceListD,מבנה 2,2026-07-29
19,2,6,228,2-G,5,142.20,39.50,לא,9.41,2,מערב/צפון/מזרח/דרום,,,,B2-A19,https://shoval-haifa.webzsites.site/#priceListD,מבנה 2,2026-07-29
20,2,7,228,2-H,6,176.63,115.44,לא,9.59,2,מערב/צפון/מזרח/דרום,,,,B2-A20,https://shoval-haifa.webzsites.site/#priceListD,מבנה 2,2026-07-29
1,3,קרקע,228,3-A,5,127.69,137.86,לא,9.60,2,צפון/מזרח/מערב,,,,B3-A1,https://shoval-haifa.webzsites.site/#priceListD,מבנה 3,2026-07-29
2,3,קרקע,228,3-B,5,127.48,179.14,לא,10.11,2,מערב/דרום,,,,B3-A2,https://shoval-haifa.webzsites.site/#priceListD,מבנה 3,2026-07-29
3,3,1,228,3-C,5,125.93,24.27,כן,9.04,2,צפון/מזרח/מערב,"1,874,913 ₪",,,B3-A3,https://shoval-haifa.webzsites.site/#priceListD,מבנה 3,2026-07-29
4,3,1,228,3-D,5,127.03,24.29,כן,6.46,2,מערב/דרום,"1,873,507 ₪",,,B3-A4,https://shoval-haifa.webzsites.site/#priceListD,מבנה 3,2026-07-29
5,3,1,228,3-E,3,82.34,20.64,כן,9.31,2,דרום/מזרח/צפון,"1,190,431 ₪",,,B3-A5,https://shoval-haifa.webzsites.site/#priceListD,מבנה 3,2026-07-29
6,3,2,228,3-C,5,125.93,24.27,כן,6.90,2,צפון/מזרח/מערב,"1,861,680 ₪",,,B3-A6,https://shoval-haifa.webzsites.site/#priceListD,מבנה 3,2026-07-29
7,3,2,228,3-D,5,127.03,24.29,כן,7.99,2,מערב/דרום,"1,882,968 ₪",,,B3-A7,https://shoval-haifa.webzsites.site/#priceListD,מבנה 3,2026-07-29
8,3,2,228,3-E,3,82.34,20.64,כן,8.83,2,דרום/מזרח/צפון,"1,188,057 ₪",,,B3-A8,https://shoval-haifa.webzsites.site/#priceListD,מבנה 3,2026-07-29
9,3,3,228,3-C,5,125.93,24.27,כן,7.99,2,צפון/מזרח/מערב,"1,868,421 ₪",,,B3-A9,https://shoval-haifa.webzsites.site/#priceListD,מבנה 3,2026-07-29
10,3,3,228,3-D,5,127.03,24.29,כן,8.08,2,מערב/דרום,"1,883,524 ₪",,,B3-A10,https://shoval-haifa.webzsites.site/#priceListD,מבנה 3,2026-07-29
11,3,3,228,3-E,3,82.34,20.64,כן,9.07,2,דרום/מזרח/צפון,"1,189,244 ₪",,,B3-A11,https://shoval-haifa.webzsites.site/#priceListD,מבנה 3,2026-07-29
12,3,4,228,3-C,5,125.93,24.27,כן,8.20,2,צפון/מזרח/מערב,"1,869,719 ₪",,,B3-A12,https://shoval-haifa.webzsites.site/#priceListD,מבנה 3,2026-07-29
13,3,4,228,3-D,5,127.03,24.29,כן,8.46,2,מערב/דרום,"1,885,874 ₪",,,B3-A13,https://shoval-haifa.webzsites.site/#priceListD,מבנה 3,2026-07-29
14,3,4,228,3-E,3,82.34,20.64,כן,9.07,2,דרום/מזרח/צפון,"1,189,244 ₪",,,B3-A14,https://shoval-haifa.webzsites.site/#priceListD,מבנה 3,2026-07-29
15,3,5,228,3-C,5,125.93,24.27,כן,8.49,2,צפון/מזרח/מערב,"1,871,512 ₪",,,B3-A15,https://shoval-haifa.webzsites.site/#priceListD,מבנה 3,2026-07-29
16,3,5,228,3-D,5,127.03,24.29,כן,8.50,2,מערב/דרום,"1,886,121 ₪",,,B3-A16,https://shoval-haifa.webzsites.site/#priceListD,מבנה 3,2026-07-29
17,3,5,228,3-E,3,82.34,20.64,כן,9.09,2,דרום/מזרח/צפון,"1,189,343 ₪",,,B3-A17,https://shoval-haifa.webzsites.site/#priceListD,מבנה 3,2026-07-29
18,3,6,228,3-C,5,125.93,24.27,כן,8.51,2,צפון/מזרח/מערב,"1,871,636 ₪",,,B3-A18,https://shoval-haifa.webzsites.site/#priceListD,מבנה 3,2026-07-29
19,3,6,228,3-F,5,155.37,100.78,לא,9.59,2,מערב/דרום/מזרח,,,,B3-A19,https://shoval-haifa.webzsites.site/#priceListD,מבנה 3,2026-07-29
20,3,7,228,3-G,5,184.11,126.56,לא,9.43,2,צפון/מערב/דרום/מזרח,,,,B3-A20,https://shoval-haifa.webzsites.site/#priceListD,מבנה 3,2026-07-29
1,4,קרקע,228,3ב-A,5,127.69,264.61,לא,10.41,2,מזרח/צפון/דרום,,,,B4-A1,https://shoval-haifa.webzsites.site/#priceListD,מבנה 4,2026-07-29
2,4,קרקע,228,3ב-B,5,127.48,268.23,לא,10.39,2,מערב/דרום,,,,B4-A2,https://shoval-haifa.webzsites.site/#priceListD,מבנה 4,2026-07-29
3,4,1,228,3-CM,5,125.93,24.27,כן,8.56,2,מזרח/צפון/דרום,"1,871,945 ₪",,,B4-A3,https://shoval-haifa.webzsites.site/#priceListD,מבנה 4,2026-07-29
4,4,1,228,3-DM,5,127.03,24.29,כן,8.24,2,מערב/דרום,"1,884,514 ₪",,,B4-A4,https://shoval-haifa.webzsites.site/#priceListD,מבנה 4,2026-07-29
5,4,1,228,3-EM,3,82.34,20.64,כן,9.60,2,מערב/צפון/מזרח,"1,191,866 ₪",,,B4-A5,https://shoval-haifa.webzsites.site/#priceListD,מבנה 4,2026-07-29
6,4,2,228,3-CM,5,125.93,24.27,כן,8.78,2,מזרח/צפון/דרום,"1,873,306 ₪",,,B4-A6,https://shoval-haifa.webzsites.site/#priceListD,מבנה 4,2026-07-29
7,4,2,228,3-DM,5,127.03,24.29,כן,8.71,2,מערב/דרום,"1,887,420 ₪",,,B4-A7,https://shoval-haifa.webzsites.site/#priceListD,מבנה 4,2026-07-29
8,4,2,228,3-EM,3,82.34,20.64,כן,9.65,2,מערב/צפון/מזרח,"1,192,113 ₪",,,B4-A8,https://shoval-haifa.webzsites.site/#priceListD,מבנה 4,2026-07-29
9,4,3,228,3-CM,5,125.93,24.27,כן,9.08,2,מזרח/צפון/דרום,"1,875,161 ₪",,,B4-A9,https://shoval-haifa.webzsites.site/#priceListD,מבנה 4,2026-07-29
10,4,3,228,3-DM,5,127.03,24.29,כן,8.97,2,מערב/דרום,"1,889,028 ₪",,,B4-A10,https://shoval-haifa.webzsites.site/#priceListD,מבנה 4,2026-07-29
11,4,3,228,3-EM,3,82.34,20.64,כן,9.93,2,מערב/צפון/מזרח,"1,193,498 ₪",,,B4-A11,https://shoval-haifa.webzsites.site/#priceListD,מבנה 4,2026-07-29
12,4,4,228,3-CM,5,125.93,24.27,כן,9.23,2,מזרח/צפון/דרום,"1,876,088 ₪",,,B4-A12,https://shoval-haifa.webzsites.site/#priceListD,מבנה 4,2026-07-29
13,4,4,228,3-DM,5,127.03,24.29,כן,9.15,2,מערב/דרום,"1,890,141 ₪",,,B4-A13,https://shoval-haifa.webzsites.site/#priceListD,מבנה 4,2026-07-29
14,4,4,228,3-EM,3,82.34,20.64,כן,9.74,2,מערב/צפון/מזרח,"1,192,558 ₪",,,B4-A14,https://shoval-haifa.webzsites.site/#priceListD,מבנה 4,2026-07-29
15,4,5,228,3-CM,5,125.93,24.27,כן,9.25,2,מזרח/צפון/דרום,"1,876,212 ₪",,,B4-A15,https://shoval-haifa.webzsites.site/#priceListD,מבנה 4,2026-07-29
16,4,5,228,3-FM,5,155.37,100.78,לא,10.17,2,צפון/מערב/דרום,,,,B4-A16,https://shoval-haifa.webzsites.site/#priceListD,מבנה 4,2026-07-29
17,4,6,228,3-GM,5,184.11,126.56,לא,9.96,2,מזרח/מערב/דרום/צפון,,,,B4-A17,https://shoval-haifa.webzsites.site/#priceListD,מבנה 4,2026-07-29
1,5,קרקע,228,3-H,5,127.69,264.43,לא,9.70,2,מערב/צפון/דרום,,,,B5-A1,https://shoval-haifa.webzsites.site/#priceListD,מבנה 5,2026-07-29
2,5,קרקע,228,3-I,5,127.48,251.93,לא,10.36,2,מזרח/דרום,,,,B5-A2,https://shoval-haifa.webzsites.site/#priceListD,מבנה 5,2026-07-29
3,5,1,228,3-C,5,125.93,24.27,כן,7.57,2,מערב/צפון/דרום,"1,865,823 ₪",,,B5-A3,https://shoval-haifa.webzsites.site/#priceListD,מבנה 5,2026-07-29
4,5,1,228,3-D,5,127.03,24.29,כן,7.01,2,מזרח/דרום,"1,876,908 ₪",,,B5-A4,https://shoval-haifa.webzsites.site/#priceListD,מבנה 5,2026-07-29
5,5,1,228,3-E,3,82.34,20.64,כן,8.38,2,מזרח/צפון/מערב,"1,185,830 ₪",,,B5-A5,https://shoval-haifa.webzsites.site/#priceListD,מבנה 5,2026-07-29
6,5,2,228,3-C,5,125.93,24.27,כן,7.59,2,מערב/צפון/דרום,"1,865,947 ₪",,,B5-A6,https://shoval-haifa.webzsites.site/#priceListD,מבנה 5,2026-07-29
7,5,2,228,3-D,5,127.03,24.29,כן,7.10,2,מזרח/דרום,"1,877,464 ₪",,,B5-A7,https://shoval-haifa.webzsites.site/#priceListD,מבנה 5,2026-07-29
8,5,2,228,3-E,3,82.34,20.64,כן,8.99,2,מזרח/צפון/מערב,"1,188,848 ₪",,,B5-A8,https://shoval-haifa.webzsites.site/#priceListD,מבנה 5,2026-07-29
9,5,3,228,3-C,5,125.93,24.27,כן,7.75,2,מערב/צפון/דרום,"1,866,936 ₪",,,B5-A9,https://shoval-haifa.webzsites.site/#priceListD,מבנה 5,2026-07-29
10,5,3,228,3-D,5,127.03,24.29,כן,7.13,2,מזרח/דרום,"1,877,650 ₪",,,B5-A10,https://shoval-haifa.webzsites.site/#priceListD,מבנה 5,2026-07-29
11,5,3,228,3-E,3,82.34,20.64,כן,9.05,2,מזרח/צפון/מערב,"1,189,145 ₪",,,B5-A11,https://shoval-haifa.webzsites.site/#priceListD,מבנה 5,2026-07-29
12,5,4,228,3-C,5,125.93,24.27,כן,7.95,2,מערב/צפון/דרום,"1,868,173 ₪",,,B5-A12,https://shoval-haifa.webzsites.site/#priceListD,מבנה 5,2026-07-29
13,5,4,228,3-D,5,127.03,24.29,כן,7.14,2,מזרח/דרום,"1,877,711 ₪",,,B5-A13,https://shoval-haifa.webzsites.site/#priceListD,מבנה 5,2026-07-29
14,5,4,228,3-E,3,82.34,20.64,כן,9.15,2,מזרח/צפון/מערב,"1,189,640 ₪",,,B5-A14,https://shoval-haifa.webzsites.site/#priceListD,מבנה 5,2026-07-29
15,5,5,228,3-C,5,125.93,24.27,כן,7.96,2,מערב/צפון/דרום,"1,868,235 ₪",,,B5-A15,https://shoval-haifa.webzsites.site/#priceListD,מבנה 5,2026-07-29
16,5,5,228,3-D,5,127.03,24.29,כן,7.95,2,מזרח/דרום,"1,882,720 ₪",,,B5-A16,https://shoval-haifa.webzsites.site/#priceListD,מבנה 5,2026-07-29
17,5,5,228,3-E,3,82.34,20.64,כן,9.40,2,מזרח/צפון/מערב,"1,190,876 ₪",,,B5-A17,https://shoval-haifa.webzsites.site/#priceListD,מבנה 5,2026-07-29
18,5,6,228,3-C,5,125.93,24.27,כן,8.22,2,מערב/צפון/דרום,"1,869,843 ₪",,,B5-A18,https://shoval-haifa.webzsites.site/#priceListD,מבנה 5,2026-07-29
19,5,6,228,3-F,5,155.37,100.78,לא,9.68,2,מזרח/דרום/צפון,,,,B5-A19,https://shoval-haifa.webzsites.site/#priceListD,מבנה 5,2026-07-29
20,5,7,228,3-G,5,184.11,126.56,לא,9.47,2,מערב/מזרח/צפון/דרום,,,,B5-A20,https://shoval-haifa.webzsites.site/#priceListD,מבנה 5,2026-07-29
1,6,קרקע,228,3-JM,5,127.69,147.67,לא,10.21,2,צפון/מזרח/מערב,,,,B6-A1,https://shoval-haifa.webzsites.site/#priceListD,מבנה 6,2026-07-29
2,6,קרקע,228,3-KM,5,127.48,210.46,לא,10.21,2,דרום מזרח,,,,B6-A2,https://shoval-haifa.webzsites.site/#priceListD,מבנה 6,2026-07-29
3,6,1,228,3-CM,5,125.93,24.27,כן,7.40,2,צפון/מזרח/מערב,"1,864,772 ₪",,,B6-A3,https://shoval-haifa.webzsites.site/#priceListD,מבנה 6,2026-07-29
4,6,1,228,3-DM,5,127.03,24.29,כן,6.70,2,דרום מזרח,"1,874,991 ₪",,,B6-A4,https://shoval-haifa.webzsites.site/#priceListD,מבנה 6,2026-07-29
5,6,1,228,3-EM,3,82.34,20.64,כן,8.19,2,דרום/מערב/צפון,"1,184,890 ₪",,,B6-A5,https://shoval-haifa.webzsites.site/#priceListD,מבנה 6,2026-07-29
6,6,2,228,3-CM,5,125.93,24.27,כן,7.47,2,צפון/מזרח/מערב,"1,865,205 ₪",,,B6-A6,https://shoval-haifa.webzsites.site/#priceListD,מבנה 6,2026-07-29
7,6,2,228,3-DM,5,127.03,24.29,כן,6.92,2,דרום מזרח,"1,876,351 ₪",,,B6-A7,https://shoval-haifa.webzsites.site/#priceListD,מבנה 6,2026-07-29
8,6,2,228,3-EM,3,82.34,20.64,כן,8.82,2,דרום/מערב/צפון,"1,188,007 ₪",,,B6-A8,https://shoval-haifa.webzsites.site/#priceListD,מבנה 6,2026-07-29
9,6,3,228,3-CM,5,125.93,24.27,כן,7.47,2,צפון/מזרח/מערב,"1,865,205 ₪",,,B6-A9,https://shoval-haifa.webzsites.site/#priceListD,מבנה 6,2026-07-29
10,6,3,228,3-DM,5,127.03,24.29,כן,7.18,2,דרום מזרח,"1,877,959 ₪",,,B6-A10,https://shoval-haifa.webzsites.site/#priceListD,מבנה 6,2026-07-29
11,6,3,228,3-EM,3,82.34,20.64,כן,9.39,2,דרום/מערב/צפון,"1,190,827 ₪",,,B6-A11,https://shoval-haifa.webzsites.site/#priceListD,מבנה 6,2026-07-29
12,6,4,228,3-CM,5,125.93,24.27,כן,7.69,2,צפון/מזרח/מערב,"1,866,565 ₪",,,B6-A12,https://shoval-haifa.webzsites.site/#priceListD,מבנה 6,2026-07-29
13,6,4,228,3-DM,5,127.03,24.29,כן,7.43,2,דרום מזרח,"1,879,505 ₪",,,B6-A13,https://shoval-haifa.webzsites.site/#priceListD,מבנה 6,2026-07-29
14,6,4,228,3-EM,3,82.34,20.64,כן,9.40,2,דרום/מערב/צפון,"1,190,876 ₪",,,B6-A14,https://shoval-haifa.webzsites.site/#priceListD,מבנה 6,2026-07-29
15,6,5,228,3-CM,5,125.93,24.27,כן,7.68,2,צפון/מזרח/מערב,"1,866,504 ₪",,,B6-A15,https://shoval-haifa.webzsites.site/#priceListD,מבנה 6,2026-07-29
16,6,5,228,3-DM,5,127.03,24.29,כן,7.30,2,דרום מזרח,"1,878,701 ₪",,,B6-A16,https://shoval-haifa.webzsites.site/#priceListD,מבנה 6,2026-07-29
17,6,5,228,3-EM,3,82.34,20.64,כן,9.77,2,דרום/מערב/צפון,"1,192,707 ₪",,,B6-A17,https://shoval-haifa.webzsites.site/#priceListD,מבנה 6,2026-07-29
18,6,6,228,3-CM,5,125.93,24.27,כן,7.85,2,צפון/מזרח/מערב,"1,867,555 ₪",,,B6-A18,https://shoval-haifa.webzsites.site/#priceListD,מבנה 6,2026-07-29
19,6,6,228,3-FM,5,155.37,100.78,לא,9.93,2,מערב/דרום מזרח,,,,B6-A19,https://shoval-haifa.webzsites.site/#priceListD,מבנה 6,2026-07-29
20,6,7,228,3-GM,5,184.11,126.56,לא,9.78,2,צפון/מערב/דרום/מזרח,,,,B6-A20,https://shoval-haifa.webzsites.site/#priceListD,מבנה 6,2026-07-29
1,7,1,228,4-A,5.5,140.20,24.24,כן,6.04,2,מערב/דרום,"1,960,413 ₪",,,B7-A1,https://shoval-haifa.webzsites.site/#priceListD,מבנה 7,2026-07-29
2,7,1,228,4-B,5,147.73,18.41,כן,8.10,2,צפון/מזרח,"2,019,105 ₪",,,B7-A2,https://shoval-haifa.webzsites.site/#priceListD,מבנה 7,2026-07-29
3,7,2,228,4-C,5.5,144.26,23.94,כן,7.83,2,מערב/צפון,"2,032,753 ₪",,,B7-A3,https://shoval-haifa.webzsites.site/#priceListD,מבנה 7,2026-07-29
4,7,2,228,4-D,5.5,141.28,23.90,כן,6.45,2,מערב/דרום,"1,986,791 ₪",,,B7-A4,https://shoval-haifa.webzsites.site/#priceListD,מבנה 7,2026-07-29
5,7,2,228,4-E,5,125.03,18.41,כן,8.94,2,צפון/מזרח,"1,749,880 ₪",,,B7-A5,https://shoval-haifa.webzsites.site/#priceListD,מבנה 7,2026-07-29
6,7,2,228,4-F,3,82.83,23.91,כן,9.22,2,מזרח,"1,159,851 ₪",,,B7-A6,https://shoval-haifa.webzsites.site/#priceListD,מבנה 7,2026-07-29
7,7,2,228,4-G,3,83.90,23.90,כן,8.60,2,דרום/מזרח,"1,169,575 ₪",,,B7-A7,https://shoval-haifa.webzsites.site/#priceListD,מבנה 7,2026-07-29
8,7,3,228,4-C,5.5,144.26,23.94,כן,7.75,2,מערב/צפון,"2,044,426 ₪",,,B7-A8,https://shoval-haifa.webzsites.site/#priceListD,מבנה 7,2026-07-29
9,7,3,228,4-D,5.5,141.28,23.90,כן,8.11,2,מערב/דרום,"2,008,607 ₪",,,B7-A9,https://shoval-haifa.webzsites.site/#priceListD,מבנה 7,2026-07-29
10,7,3,228,4-E,5,125.03,18.41,כן,8.92,2,צפון/מזרח,"1,760,437 ₪",,,B7-A10,https://shoval-haifa.webzsites.site/#priceListD,מבנה 7,2026-07-29
11,7,3,228,4-F,3,82.83,23.91,כן,8.46,2,מזרח,"1,162,264 ₪",,,B7-A11,https://shoval-haifa.webzsites.site/#priceListD,מבנה 7,2026-07-29
12,7,3,228,4-G,3,83.90,23.90,כן,9.81,2,דרום/מזרח,"1,181,443 ₪",,,B7-A12,https://shoval-haifa.webzsites.site/#priceListD,מבנה 7,2026-07-29
13,7,4,228,4-C,5.5,144.26,23.94,כן,7.71,2,מערב/צפון,"2,056,333 ₪",,,B7-A13,https://shoval-haifa.webzsites.site/#priceListD,מבנה 7,2026-07-29
14,7,4,228,4-D,5.5,141.28,23.90,כן,8.09,2,מערב/דרום,"2,020,449 ₪",,,B7-A14,https://shoval-haifa.webzsites.site/#priceListD,מבנה 7,2026-07-29
15,7,4,228,4-E,5,125.03,18.41,כן,8.90,2,צפון/מזרח,"1,770,993 ₪",,,B7-A15,https://shoval-haifa.webzsites.site/#priceListD,מבנה 7,2026-07-29
16,7,4,228,4-F,3,82.83,23.91,כן,9.75,2,מזרח,"1,174,476 ₪",,,B7-A16,https://shoval-haifa.webzsites.site/#priceListD,מבנה 7,2026-07-29
17,7,4,228,4-G,3,83.90,23.90,כן,9.74,2,דרום/מזרח,"1,187,228 ₪",,,B7-A17,https://shoval-haifa.webzsites.site/#priceListD,מבנה 7,2026-07-29
18,7,5,228,4-C,5.5,144.26,23.94,כן,7.53,2,מערב/צפון,"2,067,394 ₪",,,B7-A18,https://shoval-haifa.webzsites.site/#priceListD,מבנה 7,2026-07-29
19,7,5,228,4-D,5.5,141.28,23.90,כן,7.98,2,מערב/דרום,"2,031,747 ₪",,,B7-A19,https://shoval-haifa.webzsites.site/#priceListD,מבנה 7,2026-07-29
20,7,5,228,4-E,5,125.03,18.41,כן,8.87,2,צפון/מזרח,"1,781,487 ₪",,,B7-A20,https://shoval-haifa.webzsites.site/#priceListD,מבנה 7,2026-07-29
21,7,5,228,4-F,3,82.83,23.91,כן,9.70,2,מזרח,"1,180,289 ₪",,,B7-A21,https://shoval-haifa.webzsites.site/#priceListD,מבנה 7,2026-07-29
22,7,5,228,4-G,3,83.90,23.90,כן,9.70,2,דרום/מזרח,"1,193,155 ₪",,,B7-A22,https://shoval-haifa.webzsites.site/#priceListD,מבנה 7,2026-07-29
23,7,6,228,4-C,5.5,144.26,23.94,כן,7.37,2,מערב/צפון,"2,078,565 ₪",,,B7-A23,https://shoval-haifa.webzsites.site/#priceListD,מבנה 7,2026-07-29
24,7,6,228,4-D,5.5,141.28,23.90,כן,7.87,2,מערב/דרום,"2,043,038 ₪",,,B7-A24,https://shoval-haifa.webzsites.site/#priceListD,מבנה 7,2026-07-29
25,7,6,228,4-E,5,125.03,18.41,כן,8.87,2,צפון/מזרח,"1,792,161 ₪",,,B7-A25,https://shoval-haifa.webzsites.site/#priceListD,מבנה 7,2026-07-29
26,7,6,228,4-F,3,82.83,23.91,כן,9.65,2,מזרח,"1,186,099 ₪",,,B7-A26,https://shoval-haifa.webzsites.site/#priceListD,מבנה 7,2026-07-29
27,7,6,228,4-G,3,83.90,23.90,כן,9.63,2,דרום/מזרח,"1,198,934 ₪",,,B7-A27,https://shoval-haifa.webzsites.site/#priceListD,מבנה 7,2026-07-29
28,7,7,228,4-C,5.5,144.26,23.94,כן,7.21,2,מערב/צפון,"2,089,726 ₪",,,B7-A28,https://shoval-haifa.webzsites.site/#priceListD,מבנה 7,2026-07-29
29,7,7,228,4-D,5.5,141.28,23.90,כן,7.37,2,מערב/דרום,"2,051,947 ₪",,,B7-A29,https://shoval-haifa.webzsites.site/#priceListD,מבנה 7,2026-07-29
30,7,7,228,4-E,5,125.03,18.41,כן,8.75,2,צפון/מזרח,"1,802,105 ₪",,,B7-A30,https://shoval-haifa.webzsites.site/#priceListD,מבנה 7,2026-07-29
31,7,7,228,4-F,3,82.83,23.91,כן,9.59,2,מזרח,"1,191,858 ₪",,,B7-A31,https://shoval-haifa.webzsites.site/#priceListD,מבנה 7,2026-07-29
32,7,7,228,4-G,3,83.90,23.90,כן,9.59,2,דרום/מזרח,"1,206,071 ₪",,,B7-A32,https://shoval-haifa.webzsites.site/#priceListD,מבנה 7,2026-07-29
33,7,8,228,4-C,5.5,144.26,23.94,כן,7.15,2,מערב/צפון,"2,101,489 ₪",,,B7-A33,https://shoval-haifa.webzsites.site/#priceListD,מבנה 7,2026-07-29
34,7,8,228,4-D,5.5,141.28,23.90,כן,7.20,2,מערב/דרום,"2,062,845 ₪",,,B7-A34,https://shoval-haifa.webzsites.site/#priceListD,מבנה 7,2026-07-29
35,7,8,228,4-E,5,125.03,18.41,כן,9.57,2,צפון/מזרח,"1,817,795 ₪",,,B7-A35,https://shoval-haifa.webzsites.site/#priceListD,מבנה 7,2026-07-29
36,7,8,228,4-F,3,82.83,23.91,כן,9.58,2,מזרח,"1,197,860 ₪",,,B7-A36,https://shoval-haifa.webzsites.site/#priceListD,מבנה 7,2026-07-29
37,7,8,228,4-G,3,83.90,23.90,כן,9.55,2,דרום/מזרח,"1,213,471 ₪",,,B7-A37,https://shoval-haifa.webzsites.site/#priceListD,מבנה 7,2026-07-29
38,7,9,228,4-C-2,5.5,143.86,23.94,כן,7.05,2,מערב/צפון,"2,107,772 ₪",,,B7-A38,https://shoval-haifa.webzsites.site/#priceListD,מבנה 7,2026-07-29
39,7,9,228,4-D,5.5,141.28,23.90,כן,7.85,2,מערב/דרום,"2,078,778 ₪",,,B7-A39,https://shoval-haifa.webzsites.site/#priceListD,מבנה 7,2026-07-29
40,7,9,228,4-E,5,125.03,18.41,כן,8.74,2,צפון/מזרח,"1,823,384 ₪",,,B7-A40,https://shoval-haifa.webzsites.site/#priceListD,מבנה 7,2026-07-29
41,7,9,228,4-F,3,82.83,23.91,כן,9.55,2,מזרח,"1,204,702 ₪",,,B7-A41,https://shoval-haifa.webzsites.site/#priceListD,מבנה 7,2026-07-29
42,7,9,228,4-G,3,83.90,23.90,כן,9.54,2,דרום/מזרח,"1,221,053 ₪",,,B7-A42,https://shoval-haifa.webzsites.site/#priceListD,מבנה 7,2026-07-29
43,7,10,228,4-C-2,5.5,143.86,23.94,כן,5.65,2,מערב/צפון,"2,111,215 ₪",,,B7-A43,https://shoval-haifa.webzsites.site/#priceListD,מבנה 7,2026-07-29
44,7,10,228,4-D,5.5,141.28,23.90,כן,6.50,2,מערב/דרום,"2,082,383 ₪",,,B7-A44,https://shoval-haifa.webzsites.site/#priceListD,מבנה 7,2026-07-29
45,7,10,228,4-E,5,125.03,18.41,כן,8.68,2,צפון/מזרח,"1,833,684 ₪",,,B7-A45,https://shoval-haifa.webzsites.site/#priceListD,מבנה 7,2026-07-29
46,7,10,228,4-F,3,82.83,23.91,כן,9.53,2,מזרח,"1,212,140 ₪",,,B7-A46,https://shoval-haifa.webzsites.site/#priceListD,מבנה 7,2026-07-29
47,7,10,228,4-G,3,83.90,23.90,כן,9.50,2,דרום/מזרח,"1,228,449 ₪",,,B7-A47,https://shoval-haifa.webzsites.site/#priceListD,מבנה 7,2026-07-29
48,7,11,228,4-C,5.5,144.26,23.94,כן,6.12,2,מערב/צפון,"2,119,377 ₪",,,B7-A48,https://shoval-haifa.webzsites.site/#priceListD,מבנה 7,2026-07-29
49,7,11,228,4-D,5.5,141.28,23.90,כן,6.63,2,מערב/דרום,"2,083,187 ₪",,,B7-A49,https://shoval-haifa.webzsites.site/#priceListD,מבנה 7,2026-07-29
50,7,11,228,4-E,5,125.03,18.41,כן,8.65,2,צפון/מזרח,"1,833,498 ₪",,,B7-A50,https://shoval-haifa.webzsites.site/#priceListD,מבנה 7,2026-07-29
51,7,11,228,4-F,3,82.83,23.91,כן,9.48,2,מזרח,"1,211,831 ₪",,,B7-A51,https://shoval-haifa.webzsites.site/#priceListD,מבנה 7,2026-07-29
52,7,11,228,4-G,3,83.90,23.90,כן,9.48,2,דרום/מזרח,"1,228,325 ₪",,,B7-A52,https://shoval-haifa.webzsites.site/#priceListD,מבנה 7,2026-07-29
53,7,12,228,4-C,5.5,144.26,23.94,לא,10.00,2,מערב/צפון,,,,B7-A53,https://shoval-haifa.webzsites.site/#priceListD,מבנה 7,2026-07-29
54,7,12,228,4-D-2,5.5,141.04,23.90,כן,10.04,2,מערב/דרום,"2,113,125 ₪",,,B7-A54,https://shoval-haifa.webzsites.site/#priceListD,מבנה 7,2026-07-29
55,7,12,228,4-E,5,125.03,18.41,כן,8.64,2,צפון/מזרח,"1,844,104 ₪",,,B7-A55,https://shoval-haifa.webzsites.site/#priceListD,מבנה 7,2026-07-29
56,7,12,228,4-F,3,82.83,23.91,כן,9.35,2,מזרח,"1,218,582 ₪",,,B7-A56,https://shoval-haifa.webzsites.site/#priceListD,מבנה 7,2026-07-29
57,7,12,228,4-G,3,83.90,23.90,כן,9.35,2,דרום/מזרח,"1,235,159 ₪",,,B7-A57,https://shoval-haifa.webzsites.site/#priceListD,מבנה 7,2026-07-29
58,7,13,228,4-N,5.5,142.42,23.94,לא,9.94,2,מערב/צפון,,,,B7-A58,https://shoval-haifa.webzsites.site/#priceListD,מבנה 7,2026-07-29
59,7,13,228,4-O,5.5,139.78,23.90,כן,10.14,2,מערב/דרום,"2,109,033 ₪",,,B7-A59,https://shoval-haifa.webzsites.site/#priceListD,מבנה 7,2026-07-29
60,7,13,228,4-E,5,125.03,18.41,כן,8.59,2,צפון/מזרח,"1,854,458 ₪",,,B7-A60,https://shoval-haifa.webzsites.site/#priceListD,מבנה 7,2026-07-29
61,7,13,228,4-F,3,82.83,23.91,כן,9.34,2,מזרח,"1,226,074 ₪",,,B7-A61,https://shoval-haifa.webzsites.site/#priceListD,מבנה 7,2026-07-29
62,7,13,228,4-G,3,83.90,23.90,כן,9.28,2,דרום/מזרח,"1,242,360 ₪",,,B7-A62,https://shoval-haifa.webzsites.site/#priceListD,מבנה 7,2026-07-29
63,7,14,228,4-N,5.5,142.42,23.94,לא,9.88,2,מערב/צפון,,,,B7-A63,https://shoval-haifa.webzsites.site/#priceListD,מבנה 7,2026-07-29
64,7,14,228,4-O,5.5,139.78,23.90,לא,10.72,2,מערב/דרום,,,,B7-A64,https://shoval-haifa.webzsites.site/#priceListD,מבנה 7,2026-07-29
65,7,14,228,4-E,5,125.03,18.41,כן,8.58,2,צפון/מזרח,"1,865,061 ₪",,,B7-A65,https://shoval-haifa.webzsites.site/#priceListD,מבנה 7,2026-07-29
66,7,14,228,4-F,3,82.83,23.91,כן,9.26,2,מזרח,"1,233,127 ₪",,,B7-A66,https://shoval-haifa.webzsites.site/#priceListD,מבנה 7,2026-07-29
67,7,14,228,4-G,3,83.90,23.90,כן,9.23,2,דרום/מזרח,"1,249,681 ₪",,,B7-A67,https://shoval-haifa.webzsites.site/#priceListD,מבנה 7,2026-07-29
68,7,15,228,4-N,5.5,142.42,23.94,לא,9.88,2,מערב/צפון,,,,B7-A68,https://shoval-haifa.webzsites.site/#priceListD,מבנה 7,2026-07-29
69,7,15,228,4-O,5.5,139.78,23.90,לא,10.06,2,מערב/דרום,,,,B7-A69,https://shoval-haifa.webzsites.site/#priceListD,מבנה 7,2026-07-29
70,7,15,228,4-E,5,125.03,18.41,כן,8.37,2,צפון/מזרח,"1,874,402 ₪",,,B7-A70,https://shoval-haifa.webzsites.site/#priceListD,מבנה 7,2026-07-29
71,7,15,228,4-F,3,82.83,23.91,כן,9.23,2,מזרח,"1,240,490 ₪",,,B7-A71,https://shoval-haifa.webzsites.site/#priceListD,מבנה 7,2026-07-29
72,7,15,228,4-G,3,83.90,23.90,כן,9.18,2,דרום/מזרח,"1,257,000 ₪",,,B7-A72,https://shoval-haifa.webzsites.site/#priceListD,מבנה 7,2026-07-29
73,7,16,228,4-N,5.5,142.42,23.94,לא,9.87,2,מערב/צפון,,,,B7-A73,https://shoval-haifa.webzsites.site/#priceListD,מבנה 7,2026-07-29
74,7,16,228,4-O,5.5,139.78,23.90,לא,10.05,2,מערב/דרום,,,,B7-A74,https://shoval-haifa.webzsites.site/#priceListD,מבנה 7,2026-07-29
75,7,16,228,4-E,5,125.03,18.41,כן,8.33,2,צפון/מזרח,"1,884,807 ₪",,,B7-A75,https://shoval-haifa.webzsites.site/#priceListD,מבנה 7,2026-07-29
76,7,16,228,4-F,3,82.83,23.91,כן,9.16,2,מזרח,"1,247,598 ₪",,,B7-A76,https://shoval-haifa.webzsites.site/#priceListD,מבנה 7,2026-07-29
77,7,16,228,4-G,3,83.90,23.90,כן,9.12,2,דרום/מזרח,"1,264,252 ₪",,,B7-A77,https://shoval-haifa.webzsites.site/#priceListD,מבנה 7,2026-07-29
78,7,17,228,4-N,5.5,142.42,23.94,לא,9.85,2,מערב/צפון,,,,B7-A78,https://shoval-haifa.webzsites.site/#priceListD,מבנה 7,2026-07-29
79,7,17,228,4-O,5.5,139.78,23.90,לא,9.91,2,מערב/דרום,,,,B7-A79,https://shoval-haifa.webzsites.site/#priceListD,מבנה 7,2026-07-29
80,7,17,228,4-E,5,125.03,18.41,כן,8.27,2,צפון/מזרח,"1,895,083 ₪",,,B7-A80,https://shoval-haifa.webzsites.site/#priceListD,מבנה 7,2026-07-29
81,7,17,228,4-F,3,82.83,23.91,כן,9.01,2,מזרח,"1,254,192 ₪",,,B7-A81,https://shoval-haifa.webzsites.site/#priceListD,מבנה 7,2026-07-29
82,7,17,228,4-G,3,83.90,23.90,כן,9.00,2,דרום/מזרח,"1,271,118 ₪",,,B7-A82,https://shoval-haifa.webzsites.site/#priceListD,מבנה 7,2026-07-29
83,7,18,228,4-N,5.5,142.42,23.94,לא,9.85,2,מערב/צפון,,,,B7-A83,https://shoval-haifa.webzsites.site/#priceListD,מבנה 7,2026-07-29
84,7,18,228,4-O,5.5,139.78,23.90,לא,9.89,2,מערב/דרום,,,,B7-A84,https://shoval-haifa.webzsites.site/#priceListD,מבנה 7,2026-07-29
85,7,18,228,4-E-1,5,125.03,18.41,כן,8.22,2,צפון/מזרח,"1,905,419 ₪",,,B7-A85,https://shoval-haifa.webzsites.site/#priceListD,מבנה 7,2026-07-29
86,7,18,228,4-F,3,82.83,23.91,כן,8.99,2,מזרח,"1,261,609 ₪",,,B7-A86,https://shoval-haifa.webzsites.site/#priceListD,מבנה 7,2026-07-29
87,7,18,228,4-G-1,3,83.90,23.90,כן,8.95,2,דרום/מזרח,"1,278,425 ₪",,,B7-A87,https://shoval-haifa.webzsites.site/#priceListD,מבנה 7,2026-07-29
88,7,19,228,4-H,6,186.47,97.36,לא,9.04,2,מערב/צפון/מזרח,,,,B7-A88,https://shoval-haifa.webzsites.site/#priceListD,מבנה 7,2026-07-29
89,7,19,228,4-I,5,182.68,88.89,לא,5.47,2,מערב/דרום/מזרח,,,,B7-A89,https://shoval-haifa.webzsites.site/#priceListD,מבנה 7,2026-07-29
90,7,19,228,4-F,3,82.83,23.91,כן,5.44,2,מזרח,"1,246,322 ₪",,,B7-A90,https://shoval-haifa.webzsites.site/#priceListD,מבנה 7,2026-07-29
91,7,20,228,4-K,6,188.18,85.12,לא,7.18,2,מערב/צפון/מזרח/דרום,,,,B7-A91,https://shoval-haifa.webzsites.site/#priceListD,מבנה 7,2026-07-29
92,7,20,228,4-L,5,170.66,67.14,לא,9.82,2,צפון/מערב/דרום/מזרח,,,,B7-A92,https://shoval-haifa.webzsites.site/#priceListD,מבנה 7,2026-07-29
93,7,21,228,4-M,6,208.71,176.26,לא,9.79,2,מערב/צפון/דרום/מזרח,,,,B7-A93,https://shoval-haifa.webzsites.site/#priceListD,מבנה 7,2026-07-29
1,8,קרקע,229,2-I,5,142.98,188.99,לא,9.36,2,צפון/מערב/דרום,,,,B8-A1,https://shoval-haifa.webzsites.site/#priceListD,מבנה 8,2026-07-29
2,8,קרקע,229,2-K,5,141.12,213.34,לא,9.57,2,מזרח/דרום/מערב,,,,B8-A2,https://shoval-haifa.webzsites.site/#priceListD,מבנה 8,2026-07-29
3,8,1,229,2-C,5,125.84,21.46,כן,7.68,2,צפון/מערב/דרום,"1,852,289 ₪",,,B8-A3,https://shoval-haifa.webzsites.site/#priceListD,מבנה 8,2026-07-29
4,8,1,229,2-D,5,125.85,21.27,כן,6.52,2,מזרח/דרום/מערב,"1,844,366 ₪",,,B8-A4,https://shoval-haifa.webzsites.site/#priceListD,מבנה 8,2026-07-29
5,8,1,229,2-E,3,80.00,17.98,כן,5.26,2,מזרח/צפון,"1,131,587 ₪",,,B8-A5,https://shoval-haifa.webzsites.site/#priceListD,מבנה 8,2026-07-29
6,8,2,229,2-C,5,125.84,21.46,כן,8.24,2,צפון/מערב/דרום,"1,855,752 ₪",,,B8-A6,https://shoval-haifa.webzsites.site/#priceListD,מבנה 8,2026-07-29
7,8,2,229,2-D,5,125.85,21.27,כן,8.25,2,מזרח/דרום/מערב,"1,855,064 ₪",,,B8-A7,https://shoval-haifa.webzsites.site/#priceListD,מבנה 8,2026-07-29
8,8,2,229,2-E,3,80.00,17.98,כן,5.26,2,מזרח/צפון,"1,131,587 ₪",,,B8-A8,https://shoval-haifa.webzsites.site/#priceListD,מבנה 8,2026-07-29
9,8,3,229,2-C,5,125.84,21.46,כן,8.27,2,צפון/מערב/דרום,"1,855,937 ₪",,,B8-A9,https://shoval-haifa.webzsites.site/#priceListD,מבנה 8,2026-07-29
10,8,3,229,2-D,5,125.85,21.27,כן,8.27,2,מזרח/דרום/מערב,"1,855,187 ₪",,,B8-A10,https://shoval-haifa.webzsites.site/#priceListD,מבנה 8,2026-07-29
11,8,3,229,2-E,3,80.00,17.98,כן,5.39,2,מזרח/צפון,"1,132,230 ₪",,,B8-A11,https://shoval-haifa.webzsites.site/#priceListD,מבנה 8,2026-07-29
12,8,4,229,2-C,5,125.84,21.46,כן,8.68,2,צפון/מערב/דרום,"1,858,473 ₪",,,B8-A12,https://shoval-haifa.webzsites.site/#priceListD,מבנה 8,2026-07-29
13,8,4,229,2-D,5,125.85,21.27,כן,8.46,2,מזרח/דרום/מערב,"1,856,362 ₪",,,B8-A13,https://shoval-haifa.webzsites.site/#priceListD,מבנה 8,2026-07-29
14,8,4,229,2-E,3,80.00,17.98,כן,7.03,2,מזרח/צפון,"1,140,343 ₪",,,B8-A14,https://shoval-haifa.webzsites.site/#priceListD,מבנה 8,2026-07-29
15,8,5,229,2-C-1,5,125.84,21.46,כן,8.86,2,צפון/מערב/דרום,"1,859,586 ₪",,,B8-A15,https://shoval-haifa.webzsites.site/#priceListD,מבנה 8,2026-07-29
16,8,5,229,2-D-1,5,125.85,21.27,כן,8.94,2,מזרח/דרום/מערב,"1,859,331 ₪",,,B8-A16,https://shoval-haifa.webzsites.site/#priceListD,מבנה 8,2026-07-29
17,8,5,229,2-E-1,3,80.00,17.98,כן,7.59,2,מזרח/צפון,"1,143,114 ₪",,,B8-A17,https://shoval-haifa.webzsites.site/#priceListD,מבנה 8,2026-07-29
18,8,6,229,2-F,5,144.62,39.14,לא,9.13,2,מזרח/צפון/מערב/דרום,,,,B8-A18,https://shoval-haifa.webzsites.site/#priceListD,מבנה 8,2026-07-29
19,8,6,229,2-G,5,142.20,39.50,לא,9.15,2,צפון/מערב/דרום/מזרח,,,,B8-A19,https://shoval-haifa.webzsites.site/#priceListD,מבנה 8,2026-07-29
20,8,7,229,2-H,6,176.63,115.44,לא,9.00,2,מזרח/צפון/מערב/דרום,,,,B8-A20,https://shoval-haifa.webzsites.site/#priceListD,מבנה 8,2026-07-29
1,9,קרקע,229,5-A,5,140.89,241.63,לא,6.55,2,מערב/צפון/מזרח,,,,B9-A1,https://shoval-haifa.webzsites.site/#priceListD,מבנה 9,2026-07-29
2,9,1,229,5-B,4,113.97,24.71,כן,6.27,2,מערב/צפון/מזרח,"1,667,884 ₪",,,B9-A2,https://shoval-haifa.webzsites.site/#priceListD,מבנה 9,2026-07-29
3,9,1,229,5-C,4,116.70,24.89,כן,5.99,2,מערב/דרום/מזרח,"1,702,860 ₪",,,B9-A3,https://shoval-haifa.webzsites.site/#priceListD,מבנה 9,2026-07-29
4,9,2,229,5-B,4,113.97,24.71,כן,5.68,2,מערב/צפון/מזרח,"1,664,236 ₪",,,B9-A4,https://shoval-haifa.webzsites.site/#priceListD,מבנה 9,2026-07-29
5,9,2,229,5-C,4,116.70,24.89,כן,5.85,2,מערב/דרום/מזרח,"1,701,995 ₪",,,B9-A5,https://shoval-haifa.webzsites.site/#priceListD,מבנה 9,2026-07-29
6,9,3,229,5-B,4,113.97,24.71,כן,5.69,2,מערב/צפון/מזרח,"1,664,298 ₪",,,B9-A6,https://shoval-haifa.webzsites.site/#priceListD,מבנה 9,2026-07-29
7,9,3,229,5-C,4,116.70,24.89,כן,5.12,2,מערב/דרום/מזרח,"1,697,481 ₪",,,B9-A7,https://shoval-haifa.webzsites.site/#priceListD,מבנה 9,2026-07-29
8,9,4,229,5-B,4,113.97,24.71,כן,6.27,2,מערב/צפון/מזרח,"1,667,884 ₪",,,B9-A8,https://shoval-haifa.webzsites.site/#priceListD,מבנה 9,2026-07-29
9,9,4,229,5-C,4,116.70,24.89,כן,6.51,2,מערב/דרום/מזרח,"1,706,076 ₪",,,B9-A9,https://shoval-haifa.webzsites.site/#priceListD,מבנה 9,2026-07-29
10,9,5,229,5-B-1,4,113.97,24.71,כן,6.45,2,מערב/צפון/מזרח,"1,668,997 ₪",,,B9-A10,https://shoval-haifa.webzsites.site/#priceListD,מבנה 9,2026-07-29
11,9,5,229,5-C-1,4,116.70,24.89,כן,6.91,2,מערב/דרום/מזרח,"1,708,549 ₪",,,B9-A11,https://shoval-haifa.webzsites.site/#priceListD,מבנה 9,2026-07-29
12,9,6,229,5-D,5,141.75,100.07,לא,10.86,2,מערב/דרום/מזרח/צפון,,,,B9-A12,https://shoval-haifa.webzsites.site/#priceListD,מבנה 9,2026-07-29
1,10,קרקע,229,3-M,5,127.69,133.23,לא,10.03,2,צפון/מערב/מזרח,,,,B10-A1,https://shoval-haifa.webzsites.site/#priceListD,מבנה 10,2026-07-29
2,10,קרקע,229,3-N,5,127.48,253.21,לא,10.11,2,דרום/מערב,,,,B10-A2,https://shoval-haifa.webzsites.site/#priceListD,מבנה 10,2026-07-29
3,10,1,229,3-C,5,125.93,24.27,כן,7.27,2,צפון/מערב/מזרח,"1,863,968 ₪",,,B10-A3,https://shoval-haifa.webzsites.site/#priceListD,מבנה 10,2026-07-29
4,10,1,229,3-D,5,127.03,24.29,כן,7.52,2,דרום/מערב,"1,880,061 ₪",,,B10-A4,https://shoval-haifa.webzsites.site/#priceListD,מבנה 10,2026-07-29
5,10,1,229,3-E,3,82.34,20.64,כן,5.88,2,דרום/מזרח/צפון,"1,173,463 ₪",,,B10-A5,https://shoval-haifa.webzsites.site/#priceListD,מבנה 10,2026-07-29
6,10,2,229,3-C,5,125.93,24.27,כן,8.36,2,צפון/מערב/מזרח,"1,870,708 ₪",,,B10-A6,https://shoval-haifa.webzsites.site/#priceListD,מבנה 10,2026-07-29
7,10,2,229,3-D,5,127.03,24.29,כן,7.86,2,דרום/מערב,"1,882,164 ₪",,,B10-A7,https://shoval-haifa.webzsites.site/#priceListD,מבנה 10,2026-07-29
8,10,2,229,3-E,3,82.34,20.64,כן,6.05,2,דרום/מזרח/צפון,"1,174,304 ₪",,,B10-A8,https://shoval-haifa.webzsites.site/#priceListD,מבנה 10,2026-07-29
9,10,3,229,3-C,5,125.93,24.27,כן,8.45,2,צפון/מערב/מזרח,"1,871,265 ₪",,,B10-A9,https://shoval-haifa.webzsites.site/#priceListD,מבנה 10,2026-07-29
10,10,3,229,3-D,5,127.03,24.29,כן,8.36,2,דרום/מערב,"1,885,256 ₪",,,B10-A10,https://shoval-haifa.webzsites.site/#priceListD,מבנה 10,2026-07-29
11,10,3,229,3-E,3,82.34,20.64,כן,6.05,2,דרום/מזרח/צפון,"1,174,304 ₪",,,B10-A11,https://shoval-haifa.webzsites.site/#priceListD,מבנה 10,2026-07-29
12,10,4,229,3-C,5,125.93,24.27,כן,8.59,2,צפון/מערב/מזרח,"1,872,131 ₪",,,B10-A12,https://shoval-haifa.webzsites.site/#priceListD,מבנה 10,2026-07-29
13,10,4,229,3-D,5,127.03,24.29,כן,8.50,2,דרום/מערב,"1,886,121 ₪",,,B10-A13,https://shoval-haifa.webzsites.site/#priceListD,מבנה 10,2026-07-29
14,10,4,229,3-E,3,82.34,20.64,כן,6.23,2,דרום/מזרח/צפון,"1,175,194 ₪",,,B10-A14,https://shoval-haifa.webzsites.site/#priceListD,מבנה 10,2026-07-29
15,10,5,229,3-C,5,125.93,24.27,כן,8.93,2,צפון/מערב/מזרח,"1,874,233 ₪",,,B10-A15,https://shoval-haifa.webzsites.site/#priceListD,מבנה 10,2026-07-29
16,10,5,229,3-D,5,127.03,24.29,כן,8.93,2,דרום/מערב,"1,888,780 ₪",,,B10-A16,https://shoval-haifa.webzsites.site/#priceListD,מבנה 10,2026-07-29
17,10,5,229,3-E,3,82.34,20.64,כן,6.44,2,דרום/מזרח/צפון,"1,176,233 ₪",,,B10-A17,https://shoval-haifa.webzsites.site/#priceListD,מבנה 10,2026-07-29
18,10,6,229,3-C,5,125.93,24.27,כן,9.98,2,צפון/מערב/מזרח,"1,880,726 ₪",,,B10-A18,https://shoval-haifa.webzsites.site/#priceListD,מבנה 10,2026-07-29
19,10,6,229,3-F,5,155.37,100.78,לא,9.81,2,מזרח/דרום/מערב,,,,B10-A19,https://shoval-haifa.webzsites.site/#priceListD,מבנה 10,2026-07-29
20,10,7,229,3-G,5,184.11,126.56,לא,9.51,2,צפון/מזרח/דרום/מערב,,,,B10-A20,https://shoval-haifa.webzsites.site/#priceListD,מבנה 10,2026-07-29
1,11,קרקע+ מרתף,229,3-OM,4,179.23,130.89,לא,9.71,2,צפון/מזרח/דרום,,,,B11-A1,https://shoval-haifa.webzsites.site/#priceListD,מבנה 11,2026-07-29
2,11,קרקע+ מרתף,228,3-PM,4,184.87,200.38,לא,9.47,2,מערב/דרום,,,,B11-A2,https://shoval-haifa.webzsites.site/#priceListD,מבנה 11,2026-07-29
3,11,1,228,3-CM,5,125.93,24.27,כן,9.07,2,צפון/מזרח/דרום,"1,875,099 ₪",,,B11-A3,https://shoval-haifa.webzsites.site/#priceListD,מבנה 11,2026-07-29
4,11,1,228,3-DM,5,127.03,24.29,כן,9.03,2,מערב/דרום,"1,889,399 ₪",,,B11-A4,https://shoval-haifa.webzsites.site/#priceListD,מבנה 11,2026-07-29
5,11,1,228,3-EM,3,82.34,20.64,כן,7.59,2,מערב/צפון/מזרח,"1,181,922 ₪",,,B11-A5,https://shoval-haifa.webzsites.site/#priceListD,מבנה 11,2026-07-29
6,11,2,228,3-CM,5,125.93,24.27,כן,9.16,2,צפון/מזרח/דרום,"1,875,655 ₪",,,B11-A6,https://shoval-haifa.webzsites.site/#priceListD,מבנה 11,2026-07-29
7,11,2,228,3-DM,5,127.03,24.29,כן,9.16,2,מערב/דרום,"1,890,203 ₪",,,B11-A7,https://shoval-haifa.webzsites.site/#priceListD,מבנה 11,2026-07-29
8,11,2,228,3-EM,3,82.34,20.64,כן,8.90,2,מערב/צפון/מזרח,"1,188,403 ₪",,,B11-A8,https://shoval-haifa.webzsites.site/#priceListD,מבנה 11,2026-07-29
9,11,3,228,3-CM,5,125.93,24.27,כן,9.32,2,צפון/מזרח/דרום,"1,876,645 ₪",,,B11-A9,https://shoval-haifa.webzsites.site/#priceListD,מבנה 11,2026-07-29
10,11,3,228,3-DM,5,127.03,24.29,כן,9.24,2,מערב/דרום,"1,890,697 ₪",,,B11-A10,https://shoval-haifa.webzsites.site/#priceListD,מבנה 11,2026-07-29
11,11,3,228,3-EM,3,82.34,20.64,כן,8.71,2,מערב/צפון/מזרח,"1,187,463 ₪",,,B11-A11,https://shoval-haifa.webzsites.site/#priceListD,מבנה 11,2026-07-29
12,11,4,228,3-CM,5,125.93,24.27,כן,9.39,2,צפון/מזרח/דרום,"1,877,078 ₪",,,B11-A12,https://shoval-haifa.webzsites.site/#priceListD,מבנה 11,2026-07-29
13,11,4,228,3-DM,5,127.03,24.29,כן,9.61,2,מערב/דרום,"1,892,985 ₪",,,B11-A13,https://shoval-haifa.webzsites.site/#priceListD,מבנה 11,2026-07-29
14,11,4,228,3-EM,3,82.34,20.64,כן,8.94,2,מערב/צפון/מזרח,"1,188,601 ₪",,,B11-A14,https://shoval-haifa.webzsites.site/#priceListD,מבנה 11,2026-07-29
15,11,5,228,3-CM,5,125.93,24.27,כן,9.76,2,צפון/מזרח/דרום,"1,879,366 ₪",,,B11-A15,https://shoval-haifa.webzsites.site/#priceListD,מבנה 11,2026-07-29
16,11,5,228,3-DM,5,127.03,24.29,כן,9.74,2,מערב/דרום,"1,893,789 ₪",,,B11-A16,https://shoval-haifa.webzsites.site/#priceListD,מבנה 11,2026-07-29
17,11,5,228,3-EM,3,82.34,20.64,כן,9.30,2,מערב/צפון/מזרח,"1,190,382 ₪",,,B11-A17,https://shoval-haifa.webzsites.site/#priceListD,מבנה 11,2026-07-29
18,11,6,228,3-CM,5,125.93,24.27,כן,9.65,2,צפון/מזרח/דרום,"1,878,685 ₪",,,B11-A18,https://shoval-haifa.webzsites.site/#priceListD,מבנה 11,2026-07-29
19,11,6,228,3-FM,5,155.37,100.78,לא,9.79,2,מערב/דרום/צפון,,,,B11-A19,https://shoval-haifa.webzsites.site/#priceListD,מבנה 11,2026-07-29
20,11,7,228,3-GM,5,184.11,126.56,לא,9.43,2,מזרח/דרום/מערב/צפון,,,,B11-A20,https://shoval-haifa.webzsites.site/#priceListD,מבנה 11,2026-07-29
1,12,קרקע,229,5-A,5,141.44,230.79,לא,6.40,2,דרום/מזרח/צפון,,,,B12-A1,https://shoval-haifa.webzsites.site/#priceListD,מבנה 12,2026-07-29
2,12,1,229,5-B,4,113.97,24.71,כן,4.17,2,דרום/מערב/צפון,"1,654,898 ₪",,,B12-A2,https://shoval-haifa.webzsites.site/#priceListD,מבנה 12,2026-07-29
3,12,1,229,5-C,4,116.70,24.89,כן,4.89,2,דרום/מזרח/צפון,"1,696,058 ₪",,,B12-A3,https://shoval-haifa.webzsites.site/#priceListD,מבנה 12,2026-07-29
4,12,2,229,5-B,4,113.97,24.71,כן,4.83,2,דרום/מערב/צפון,"1,658,980 ₪",,,B12-A4,https://shoval-haifa.webzsites.site/#priceListD,מבנה 12,2026-07-29
5,12,2,229,5-C,4,116.70,24.89,כן,5.67,2,דרום/מזרח/צפון,"1,700,882 ₪",,,B12-A5,https://shoval-haifa.webzsites.site/#priceListD,מבנה 12,2026-07-29
6,12,3,229,5-B,4,113.97,24.71,כן,4.84,2,דרום/מערב/צפון,"1,659,041 ₪",,,B12-A6,https://shoval-haifa.webzsites.site/#priceListD,מבנה 12,2026-07-29
7,12,3,229,5-C,4,116.70,24.89,כן,5.16,2,דרום/מזרח/צפון,"1,697,728 ₪",,,B12-A7,https://shoval-haifa.webzsites.site/#priceListD,מבנה 12,2026-07-29
8,12,4,229,5-B,4,113.97,24.71,כן,4.89,2,דרום/מערב/צפון,"1,659,351 ₪",,,B12-A8,https://shoval-haifa.webzsites.site/#priceListD,מבנה 12,2026-07-29
9,12,4,229,5-C,4,116.70,24.89,כן,6.20,2,דרום/מזרח/צפון,"1,704,159 ₪",,,B12-A9,https://shoval-haifa.webzsites.site/#priceListD,מבנה 12,2026-07-29
10,12,5,229,5-B-1,4,113.97,24.71,כן,5.64,2,דרום/מערב/צפון,"1,663,988 ₪",,,B12-A10,https://shoval-haifa.webzsites.site/#priceListD,מבנה 12,2026-07-29
11,12,5,229,5-C-1,4,116.70,24.89,כן,5.40,2,דרום/מזרח/צפון,"1,699,212 ₪",,,B12-A11,https://shoval-haifa.webzsites.site/#priceListD,מבנה 12,2026-07-29
12,12,6,229,5-D,5,141.75,100.07,לא,10.86,2,מזרח/דרום/מערב/צפון,,,,B12-A12,https://shoval-haifa.webzsites.site/#priceListD,מבנה 12,2026-07-29
1,13,קרקע+ מרתף,229,2-L,5,202.94,288.50,לא,8.91,2,מזרח/צפון/מערב,,,,B13-A1,https://shoval-haifa.webzsites.site/#priceListD,מבנה 13,2026-07-29
2,13,קרקע+ מרתף,229,2-M,5,195.06,48.49,לא,7.14,2,דרום/מערב/צפון,,,,B13-A2,https://shoval-haifa.webzsites.site/#priceListD,מבנה 13,2026-07-29
3,13,1,229,2-C,5,125.84,21.46,כן,6.50,2,מזרח/צפון/מערב,"1,844,992 ₪",,,B13-A3,https://shoval-haifa.webzsites.site/#priceListD,מבנה 13,2026-07-29
4,13,1,229,2-D,5,125.85,21.27,כן,6.59,2,דרום/מערב/צפון,"1,844,799 ₪",,,B13-A4,https://shoval-haifa.webzsites.site/#priceListD,מבנה 13,2026-07-29
5,13,1,229,2-E,3,80.00,17.98,כן,5.19,2,דרום/מזרח,"1,131,241 ₪",,,B13-A5,https://shoval-haifa.webzsites.site/#priceListD,מבנה 13,2026-07-29
6,13,2,229,2-C,5,125.84,21.46,כן,6.65,2,מזרח/צפון/מערב,"1,845,920 ₪",,,B13-A6,https://shoval-haifa.webzsites.site/#priceListD,מבנה 13,2026-07-29
7,13,2,229,2-D,5,125.85,21.27,כן,6.74,2,דרום/מערב/צפון,"1,845,726 ₪",,,B13-A7,https://shoval-haifa.webzsites.site/#priceListD,מבנה 13,2026-07-29
8,13,2,229,2-E,3,80.00,17.98,כן,5.27,2,דרום/מזרח,"1,131,637 ₪",,,B13-A8,https://shoval-haifa.webzsites.site/#priceListD,מבנה 13,2026-07-29
9,13,3,229,2-C,5,125.84,21.46,כן,6.70,2,מזרח/צפון/מערב,"1,846,229 ₪",,,B13-A9,https://shoval-haifa.webzsites.site/#priceListD,מבנה 13,2026-07-29
10,13,3,229,2-D,5,125.85,21.27,כן,6.70,2,דרום/מערב/צפון,"1,845,479 ₪",,,B13-A10,https://shoval-haifa.webzsites.site/#priceListD,מבנה 13,2026-07-29
11,13,3,229,2-E,3,80.00,17.98,כן,5.89,2,דרום/מזרח,"1,134,704 ₪",,,B13-A11,https://shoval-haifa.webzsites.site/#priceListD,מבנה 13,2026-07-29
12,13,4,229,2-C,5,125.84,21.46,כן,6.91,2,מזרח/צפון/מערב,"1,847,527 ₪",,,B13-A12,https://shoval-haifa.webzsites.site/#priceListD,מבנה 13,2026-07-29
13,13,4,229,2-D,5,125.85,21.27,כן,6.99,2,דרום/מערב/צפון,"1,847,272 ₪",,,B13-A13,https://shoval-haifa.webzsites.site/#priceListD,מבנה 13,2026-07-29
14,13,4,229,2-E,3,80.00,17.98,כן,6.04,2,דרום/מזרח,"1,135,446 ₪",,,B13-A14,https://shoval-haifa.webzsites.site/#priceListD,מבנה 13,2026-07-29
15,13,5,229,2-C-1,5,125.84,21.46,כן,7.05,2,מזרח/צפון/מערב,"1,848,393 ₪",,,B13-A15,https://shoval-haifa.webzsites.site/#priceListD,מבנה 13,2026-07-29
16,13,5,229,2-D-1,5,125.85,21.27,כן,7.45,2,דרום/מערב/צפון,"1,850,117 ₪",,,B13-A16,https://shoval-haifa.webzsites.site/#priceListD,מבנה 13,2026-07-29
17,13,5,229,2-E-1,3,80.00,17.98,כן,6.19,2,דרום/מזרח,"1,136,188 ₪",,,B13-A17,https://shoval-haifa.webzsites.site/#priceListD,מבנה 13,2026-07-29
18,13,6,229,2-F,5,144.62,39.14,לא,9.61,2,מזרח/צפון/מערב,,,,B13-A18,https://shoval-haifa.webzsites.site/#priceListD,מבנה 13,2026-07-29
19,13,6,229,2-G,5,142.20,39.50,לא,9.04,2,מזרח/דרום/מערב/צפון,,,,B13-A19,https://shoval-haifa.webzsites.site/#priceListD,מבנה 13,2026-07-29
20,13,7,229,2-H,6,176.63,115.45,לא,7.21,2,דרום/מערב/צפון/מזרח,,,,B13-A20,https://shoval-haifa.webzsites.site/#priceListD,מבנה 13,2026-07-29
1,14,1,229,4-P,5.5,140.38,24.24,כן,9.91,2,מערב/דרום,"1,985,525 ₪",,,B14-A1,https://shoval-haifa.webzsites.site/#priceListD,מבנה 14,2026-07-29
2,14,1,229,4-Q,4,113.71,18.41,כן,5.69,2,צפון/מזרח,"1,544,738 ₪",,,B14-A2,https://shoval-haifa.webzsites.site/#priceListD,מבנה 14,2026-07-29
3,14,1,229,4-F,3,82.83,23.91,כן,5.57,2,מזרח,"1,136,566 ₪",,,B14-A3,https://shoval-haifa.webzsites.site/#priceListD,מבנה 14,2026-07-29
4,14,1,229,4-G,3,83.90,23.90,כן,9.59,2,דרום/מזרח,"1,168,160 ₪",,,B14-A4,https://shoval-haifa.webzsites.site/#priceListD,מבנה 14,2026-07-29
5,14,2,229,4-N,5.5,142.42,23.94,כן,9.87,2,מערב/צפון,"2,021,652 ₪",,,B14-A5,https://shoval-haifa.webzsites.site/#priceListD,מבנה 14,2026-07-29
6,14,2,229,4-O,5.5,139.78,23.91,כן,9.86,2,מערב/דרום,"1,988,157 ₪",,,B14-A6,https://shoval-haifa.webzsites.site/#priceListD,מבנה 14,2026-07-29
7,14,2,229,4-T,4,113.65,18.41,כן,5.69,2,צפון/מזרח,"1,553,640 ₪",,,B14-A7,https://shoval-haifa.webzsites.site/#priceListD,מבנה 14,2026-07-29
8,14,2,229,4-F,3,82.83,23.91,כן,5.57,2,מזרח,"1,142,517 ₪",,,B14-A8,https://shoval-haifa.webzsites.site/#priceListD,מבנה 14,2026-07-29
9,14,2,229,4-G,3,83.90,23.90,כן,9.54,2,דרום/מזרח,"1,174,039 ₪",,,B14-A9,https://shoval-haifa.webzsites.site/#priceListD,מבנה 14,2026-07-29
10,14,3,229,4-N,5.5,142.42,23.94,כן,9.81,2,מערב/צפון,"2,033,386 ₪",,,B14-A10,https://shoval-haifa.webzsites.site/#priceListD,מבנה 14,2026-07-29
11,14,3,229,4-O,5.5,139.78,23.91,כן,9.75,2,מערב/דרום,"1,999,418 ₪",,,B14-A11,https://shoval-haifa.webzsites.site/#priceListD,מבנה 14,2026-07-29
12,14,3,229,4-T,4,113.65,18.41,כן,5.69,2,צפון/מזרח,"1,563,294 ₪",,,B14-A12,https://shoval-haifa.webzsites.site/#priceListD,מבנה 14,2026-07-29
13,14,3,229,4-F,3,82.83,23.91,כן,5.57,2,מזרח,"1,148,468 ₪",,,B14-A13,https://shoval-haifa.webzsites.site/#priceListD,מבנה 14,2026-07-29
14,14,3,229,4-G,3,83.90,23.90,כן,9.54,2,דרום/מזרח,"1,180,154 ₪",,,B14-A14,https://shoval-haifa.webzsites.site/#priceListD,מבנה 14,2026-07-29
15,14,4,229,4-N,5.5,142.42,23.94,כן,9.70,2,מערב/צפון,"2,044,816 ₪",,,B14-A15,https://shoval-haifa.webzsites.site/#priceListD,מבנה 14,2026-07-29
16,14,4,229,4-O,5.5,139.78,23.91,כן,9.75,2,מערב/דרום,"2,011,332 ₪",,,B14-A16,https://shoval-haifa.webzsites.site/#priceListD,מבנה 14,2026-07-29
17,14,4,229,4-T,4,113.65,18.41,כן,5.69,2,צפון/מזרח,"1,572,949 ₪",,,B14-A17,https://shoval-haifa.webzsites.site/#priceListD,מבנה 14,2026-07-29
18,14,4,229,4-F,3,82.83,23.91,כן,5.57,2,מזרח,"1,154,418 ₪",,,B14-A18,https://shoval-haifa.webzsites.site/#priceListD,מבנה 14,2026-07-29
19,14,4,229,4-G,3,83.90,23.90,כן,9.50,2,דרום/מזרח,"1,186,077 ₪",,,B14-A19,https://shoval-haifa.webzsites.site/#priceListD,מבנה 14,2026-07-29
20,14,5,229,4-N,5.5,142.42,23.94,כן,8.46,2,מערב/צפון,"2,049,427 ₪",,,B14-A20,https://shoval-haifa.webzsites.site/#priceListD,מבנה 14,2026-07-29
21,14,5,229,4-O,5.5,139.78,23.91,כן,9.71,2,מערב/דרום,"2,023,005 ₪",,,B14-A21,https://shoval-haifa.webzsites.site/#priceListD,מבנה 14,2026-07-29
22,14,5,229,4-T,4,113.65,18.41,כן,5.69,2,צפון/מזרח,"1,582,603 ₪",,,B14-A22,https://shoval-haifa.webzsites.site/#priceListD,מבנה 14,2026-07-29
23,14,5,229,4-F,3,82.83,23.91,כן,5.57,2,מזרח,"1,160,369 ₪",,,B14-A23,https://shoval-haifa.webzsites.site/#priceListD,מבנה 14,2026-07-29
24,14,5,229,4-G,3,83.90,23.90,כן,9.48,2,דרום/מזרח,"1,192,094 ₪",,,B14-A24,https://shoval-haifa.webzsites.site/#priceListD,מבנה 14,2026-07-29
25,14,6,229,4-N,5.5,142.42,23.94,כן,8.44,2,מערב/צפון,"2,061,354 ₪",,,B14-A25,https://shoval-haifa.webzsites.site/#priceListD,מבנה 14,2026-07-29
26,14,6,229,4-O,5.5,139.78,23.91,כן,9.69,2,מערב/דרום,"2,034,796 ₪",,,B14-A26,https://shoval-haifa.webzsites.site/#priceListD,מבנה 14,2026-07-29
27,14,6,229,4-T,4,113.65,18.41,כן,5.69,2,צפון/מזרח,"1,592,257 ₪",,,B14-A27,https://shoval-haifa.webzsites.site/#priceListD,מבנה 14,2026-07-29
28,14,6,229,4-F,3,82.83,23.91,כן,5.57,2,מזרח,"1,166,319 ₪",,,B14-A28,https://shoval-haifa.webzsites.site/#priceListD,מבנה 14,2026-07-29
29,14,6,229,4-G,3,83.90,23.90,כן,9.46,2,דרום/מזרח,"1,198,110 ₪",,,B14-A29,https://shoval-haifa.webzsites.site/#priceListD,מבנה 14,2026-07-29
30,14,7,229,4-N,5.5,142.42,23.94,כן,5.99,2,מערב/צפון,"2,058,479 ₪",,,B14-A30,https://shoval-haifa.webzsites.site/#priceListD,מבנה 14,2026-07-29
31,14,7,229,4-O,5.5,139.78,23.91,כן,9.66,2,מערב/דרום,"2,046,526 ₪",,,B14-A31,https://shoval-haifa.webzsites.site/#priceListD,מבנה 14,2026-07-29
32,14,7,229,4-T,4,113.65,18.41,כן,5.69,2,צפון/מזרח,"1,601,912 ₪",,,B14-A32,https://shoval-haifa.webzsites.site/#priceListD,מבנה 14,2026-07-29
33,14,7,229,4-F,3,82.83,23.91,כן,5.57,2,מזרח,"1,172,270 ₪",,,B14-A33,https://shoval-haifa.webzsites.site/#priceListD,מבנה 14,2026-07-29
34,14,7,229,4-G,3,83.90,23.90,כן,9.42,2,דרום/מזרח,"1,205,035 ₪",,,B14-A34,https://shoval-haifa.webzsites.site/#priceListD,מבנה 14,2026-07-29
35,14,8,229,4-N,5.5,142.42,23.94,כן,8.24,2,מערב/צפון,"2,084,225 ₪",,,B14-A35,https://shoval-haifa.webzsites.site/#priceListD,מבנה 14,2026-07-29
36,14,8,229,4-O,5.5,139.78,23.91,כן,9.66,2,מערב/דרום,"2,058,437 ₪",,,B14-A36,https://shoval-haifa.webzsites.site/#priceListD,מבנה 14,2026-07-29
37,14,8,229,4-T,4,113.65,18.41,כן,5.69,2,צפון/מזרח,"1,611,566 ₪",,,B14-A37,https://shoval-haifa.webzsites.site/#priceListD,מבנה 14,2026-07-29
38,14,8,229,4-F,3,82.83,23.91,כן,5.57,2,מזרח,"1,178,221 ₪",,,B14-A38,https://shoval-haifa.webzsites.site/#priceListD,מבנה 14,2026-07-29
39,14,8,229,4-G,3,83.90,23.90,כן,9.34,2,דרום/מזרח,"1,212,185 ₪",,,B14-A39,https://shoval-haifa.webzsites.site/#priceListD,מבנה 14,2026-07-29
40,14,9,229,4-N,5.5,142.42,23.94,כן,8.21,2,מערב/צפון,"2,096,082 ₪",,,B14-A40,https://shoval-haifa.webzsites.site/#priceListD,מבנה 14,2026-07-29
41,14,9,229,4-O,5.5,139.78,23.91,כן,9.64,2,מערב/דרום,"2,070,225 ₪",,,B14-A41,https://shoval-haifa.webzsites.site/#priceListD,מבנה 14,2026-07-29
42,14,9,229,4-T,4,113.65,18.41,כן,5.69,2,צפון/מזרח,"1,621,220 ₪",,,B14-A42,https://shoval-haifa.webzsites.site/#priceListD,מבנה 14,2026-07-29
43,14,9,229,4-F,3,82.83,23.91,כן,5.57,2,מזרח,"1,184,171 ₪",,,B14-A43,https://shoval-haifa.webzsites.site/#priceListD,מבנה 14,2026-07-29
44,14,9,229,4-G,3,83.90,23.90,כן,9.34,2,דרום/מזרח,"1,219,822 ₪",,,B14-A44,https://shoval-haifa.webzsites.site/#priceListD,מבנה 14,2026-07-29
45,14,10,229,4-N,5.5,142.42,23.94,כן,8.07,2,מערב/צפון,"2,107,257 ₪",,,B14-A45,https://shoval-haifa.webzsites.site/#priceListD,מבנה 14,2026-07-29
46,14,10,229,4-O,5.5,139.78,23.91,כן,9.61,2,מערב/דרום,"2,081,950 ₪",,,B14-A46,https://shoval-haifa.webzsites.site/#priceListD,מבנה 14,2026-07-29
47,14,10,229,4-T,4,113.65,18.41,כן,5.69,2,צפון/מזרח,"1,630,875 ₪",,,B14-A47,https://shoval-haifa.webzsites.site/#priceListD,מבנה 14,2026-07-29
48,14,10,229,4-F,3,82.83,23.91,כן,5.57,2,מזרח,"1,190,122 ₪",,,B14-A48,https://shoval-haifa.webzsites.site/#priceListD,מבנה 14,2026-07-29
49,14,10,229,4-G,3,83.90,23.90,כן,9.33,2,דרום/מזרח,"1,227,398 ₪",,,B14-A49,https://shoval-haifa.webzsites.site/#priceListD,מבנה 14,2026-07-29
50,14,11,229,4-N,5.5,142.42,23.94,כן,7.50,2,מערב/צפון,"2,103,732 ₪",,,B14-A50,https://shoval-haifa.webzsites.site/#priceListD,מבנה 14,2026-07-29
51,14,11,229,4-O,5.5,139.78,23.91,כן,8.46,2,מערב/דרום,"2,074,839 ₪",,,B14-A51,https://shoval-haifa.webzsites.site/#priceListD,מבנה 14,2026-07-29
52,14,11,229,4-T,4,113.65,18.41,כן,5.69,2,צפון/מזרח,"1,630,875 ₪",,,B14-A52,https://shoval-haifa.webzsites.site/#priceListD,מבנה 14,2026-07-29
53,14,11,229,4-F,3,82.83,23.91,כן,5.57,2,מזרח,"1,190,122 ₪",,,B14-A53,https://shoval-haifa.webzsites.site/#priceListD,מבנה 14,2026-07-29
54,14,11,229,4-G,3,83.90,23.90,כן,9.32,2,דרום/מזרח,"1,227,336 ₪",,,B14-A54,https://shoval-haifa.webzsites.site/#priceListD,מבנה 14,2026-07-29
55,14,12,229,4-N,5.5,142.42,23.94,לא,10.12,2,מערב/צפון,,,,B14-A55,https://shoval-haifa.webzsites.site/#priceListD,מבנה 14,2026-07-29
56,14,12,229,4-O,5.5,139.78,23.91,כן,12.37,2,מערב/דרום,"2,111,012 ₪",,,B14-A56,https://shoval-haifa.webzsites.site/#priceListD,מבנה 14,2026-07-29
57,14,12,229,4-T,4,113.65,18.41,כן,5.69,2,צפון/מזרח,"1,640,529 ₪",,,B14-A57,https://shoval-haifa.webzsites.site/#priceListD,מבנה 14,2026-07-29
58,14,12,229,4-F,3,82.83,23.91,כן,5.57,2,מזרח,"1,196,072 ₪",,,B14-A58,https://shoval-haifa.webzsites.site/#priceListD,מבנה 14,2026-07-29
59,14,12,229,4-G,3,83.90,23.90,כן,9.32,2,דרום/מזרח,"1,234,973 ₪",,,B14-A59,https://shoval-haifa.webzsites.site/#priceListD,מבנה 14,2026-07-29
60,14,13,229,4-N,5.5,142.42,23.94,לא,10.09,2,מערב/צפון,,,,B14-A60,https://shoval-haifa.webzsites.site/#priceListD,מבנה 14,2026-07-29
61,14,13,229,4-O,5.5,139.78,23.91,כן,10.44,2,מערב/דרום,"2,110,954 ₪",,,B14-A61,https://shoval-haifa.webzsites.site/#priceListD,מבנה 14,2026-07-29
62,14,13,229,4-T,4,113.65,18.41,כן,5.69,2,צפון/מזרח,"1,650,184 ₪",,,B14-A62,https://shoval-haifa.webzsites.site/#priceListD,מבנה 14,2026-07-29
63,14,13,229,4-F,3,82.83,23.91,כן,5.57,2,מזרח,"1,202,529 ₪",,,B14-A63,https://shoval-haifa.webzsites.site/#priceListD,מבנה 14,2026-07-29
64,14,13,229,4-G,3,83.90,23.90,כן,8.55,2,דרום/מזרח,"1,237,800 ₪",,,B14-A64,https://shoval-haifa.webzsites.site/#priceListD,מבנה 14,2026-07-29
65,14,14,229,4-N,5.5,142.42,23.94,לא,10.07,2,מערב/צפון,,,,B14-A65,https://shoval-haifa.webzsites.site/#priceListD,מבנה 14,2026-07-29
66,14,14,229,4-O,5.5,139.78,23.91,לא,10.40,2,מערב/דרום,,,,B14-A66,https://shoval-haifa.webzsites.site/#priceListD,מבנה 14,2026-07-29
67,14,14,229,4-T,4,113.65,18.41,כן,5.69,2,צפון/מזרח,"1,659,838 ₪",,,B14-A67,https://shoval-haifa.webzsites.site/#priceListD,מבנה 14,2026-07-29
68,14,14,229,4-F,3,82.83,23.91,כן,5.57,2,מזרח,"1,209,967 ₪",,,B14-A68,https://shoval-haifa.webzsites.site/#priceListD,מבנה 14,2026-07-29
69,14,14,229,4-G,3,83.90,23.90,כן,8.65,2,דרום/מזרח,"1,246,041 ₪",,,B14-A69,https://shoval-haifa.webzsites.site/#priceListD,מבנה 14,2026-07-29
70,14,15,229,4-N,5.5,142.42,23.94,לא,10.04,2,מערב/צפון,,,,B14-A70,https://shoval-haifa.webzsites.site/#priceListD,מבנה 14,2026-07-29
71,14,15,229,4-O,5.5,139.78,23.91,לא,10.29,2,מערב/דרום,,,,B14-A71,https://shoval-haifa.webzsites.site/#priceListD,מבנה 14,2026-07-29
72,14,15,229,4-T,4,113.65,18.41,כן,5.69,2,צפון/מזרח,"1,669,492 ₪",,,B14-A72,https://shoval-haifa.webzsites.site/#priceListD,מבנה 14,2026-07-29
73,14,15,229,4-F,3,82.83,23.91,כן,5.57,2,מזרח,"1,217,405 ₪",,,B14-A73,https://shoval-haifa.webzsites.site/#priceListD,מבנה 14,2026-07-29
74,14,15,229,4-G,3,83.90,23.90,כן,8.89,2,דרום/מזרח,"1,255,171 ₪",,,B14-A74,https://shoval-haifa.webzsites.site/#priceListD,מבנה 14,2026-07-29
75,14,16,229,4-N,5.5,142.42,23.94,לא,9.92,2,מערב/צפון,,,,B14-A75,https://shoval-haifa.webzsites.site/#priceListD,מבנה 14,2026-07-29
76,14,16,229,4-O,5.5,139.78,23.91,לא,10.02,2,מערב/דרום,,,,B14-A76,https://shoval-haifa.webzsites.site/#priceListD,מבנה 14,2026-07-29
77,14,16,229,4-T,4,113.65,18.41,כן,5.69,2,צפון/מזרח,"1,679,147 ₪",,,B14-A77,https://shoval-haifa.webzsites.site/#priceListD,מבנה 14,2026-07-29
78,14,16,229,4-F,3,82.83,23.91,כן,5.57,2,מזרח,"1,224,844 ₪",,,B14-A78,https://shoval-haifa.webzsites.site/#priceListD,מבנה 14,2026-07-29
79,14,16,229,4-G,3,83.90,23.90,כן,9.15,2,דרום/מזרח,"1,264,442 ₪",,,B14-A79,https://shoval-haifa.webzsites.site/#priceListD,מבנה 14,2026-07-29
80,14,17,229,4-N,5.5,142.42,23.94,לא,9.60,2,מערב/צפון,,,,B14-A80,https://shoval-haifa.webzsites.site/#priceListD,מבנה 14,2026-07-29
81,14,17,229,4-O,5.5,139.78,23.91,לא,9.94,2,מערב/דרום,,,,B14-A81,https://shoval-haifa.webzsites.site/#priceListD,מבנה 14,2026-07-29
82,14,17,229,4-T,4,113.65,18.41,כן,5.69,2,צפון/מזרח,"1,688,801 ₪",,,B14-A82,https://shoval-haifa.webzsites.site/#priceListD,מבנה 14,2026-07-29
83,14,17,229,4-F,3,82.83,23.91,כן,5.57,2,מזרח,"1,232,282 ₪",,,B14-A83,https://shoval-haifa.webzsites.site/#priceListD,מבנה 14,2026-07-29
84,14,17,229,4-G,3,83.90,23.90,כן,9.18,2,דרום/מזרח,"1,272,264 ₪",,,B14-A84,https://shoval-haifa.webzsites.site/#priceListD,מבנה 14,2026-07-29
85,14,18,229,4-N,5.5,142.42,23.94,לא,9.92,2,מערב/צפון,,,,B14-A85,https://shoval-haifa.webzsites.site/#priceListD,מבנה 14,2026-07-29
86,14,18,229,4-O,5.5,139.78,23.91,לא,9.94,2,מערב/דרום,,,,B14-A86,https://shoval-haifa.webzsites.site/#priceListD,מבנה 14,2026-07-29
87,14,18,229,4-T-1,4,113.65,18.41,כן,5.69,2,צפון/מזרח,"1,698,455 ₪",,,B14-A87,https://shoval-haifa.webzsites.site/#priceListD,מבנה 14,2026-07-29
88,14,18,229,4-F,3,82.83,23.91,כן,5.57,2,מזרח,"1,239,720 ₪",,,B14-A88,https://shoval-haifa.webzsites.site/#priceListD,מבנה 14,2026-07-29
89,14,18,229,4-G-1,3,83.90,23.90,כן,9.26,2,דרום/מזרח,"1,280,409 ₪",,,B14-A89,https://shoval-haifa.webzsites.site/#priceListD,מבנה 14,2026-07-29
90,14,19,229,4-H,6,186.47,97.36,לא,8.92,2,מערב/צפון/מזרח,,,,B14-A90,https://shoval-haifa.webzsites.site/#priceListD,מבנה 14,2026-07-29
91,14,19,229,4-I,5,182.68,88.89,לא,5.47,2,מערב/דרום/מזרח,,,,B14-A91,https://shoval-haifa.webzsites.site/#priceListD,מבנה 14,2026-07-29
92,14,19,229,4-F,3,82.83,23.91,כן,5.44,2,מזרח,"1,246,322 ₪",,,B14-A92,https://shoval-haifa.webzsites.site/#priceListD,מבנה 14,2026-07-29
93,14,20,229,4-K,6,188.18,85.12,לא,7.18,2,מערב/צפון/מזרח,,,,B14-A93,https://shoval-haifa.webzsites.site/#priceListD,מבנה 14,2026-07-29
94,14,20,229,4-L,5,170.66,67.14,לא,9.77,2,מערב/צפון/דרום/מזרח,,,,B14-A94,https://shoval-haifa.webzsites.site/#priceListD,מבנה 14,2026-07-29
95,14,21,229,4-M,6,208.71,176.26,לא,9.84,2,מערב/צפון/דרום/מזרח,,,,B14-A95,https://shoval-haifa.webzsites.site/#priceListD,מבנה 14,2026-07-29
