דירה,בניין,קומה,חדרים,שטח,מחיר,"מחיר למ""ר",Quality Score,Price Score,Value Score,דירוג,הערות
20,7,5,5,125.03,1781487,14248.48,64.6,100,81.0,1,במחיר שוק; סטייה -2.3%
15,7,4,5,125.03,1770993,14164.54,63.9,100,80.8,2,במחיר שוק; סטייה -2.9%
10,7,3,5,125.03,1760437,14080.12,63.3,100,79.5,3,במחיר שוק; סטייה -3.5%; קיימת חלופה טובה יותר באותו מחיר
12,14,3,4,113.65,1563294,13755.34,62.5,92.9,79.1,4,במחיר שוק; סטייה -5.7%
7,14,2,4,113.65,1553640,13670.39,61.9,97.8,79.0,5,במחיר שוק; סטייה -6.3%
2,14,1,4,113.71,1544738,13584.89,62.7,100,78.1,6,במחיר שוק; סטייה -6.9%
25,7,6,5,125.03,1792161,14333.85,65.2,94.1,77.9,7,במחיר שוק; סטייה -1.7%; קיימת חלופה טובה יותר באותו מחיר
5,7,2,5,125.03,1749880,13995.68,62.7,100,77.7,8,במחיר שוק; סטייה -4.0%; קיימת חלופה טובה יותר באותו מחיר
17,14,4,4,113.65,1572949,13840.29,63.2,88.0,77.6,9,במחיר שוק; סטייה -5.1%
2,7,1,5,147.73,2019105,13667.54,63.5,100,76.2,10,במחיר שוק; סטייה -6.3%; קיימת חלופה טובה יותר באותו מחיר
3,14,1,3,82.83,1136566,13721.67,56.4,91.9,76.2,11,במחיר שוק; סטייה -5.9%; קיימת חלופה טובה יותר באותו מחיר
22,14,5,4,113.65,1582603,13925.24,63.8,83.0,76.0,12,במחיר שוק; סטייה -4.5%
30,7,7,5,125.03,1802105,14413.38,65.8,86.5,75.5,13,במחיר שוק; סטייה -1.2%; קיימת חלופה טובה יותר באותו מחיר
8,14,2,3,82.83,1142517,13793.52,57.1,87.9,75.0,14,במחיר שוק; סטייה -5.4%; קיימת חלופה טובה יותר באותו מחיר
27,14,6,4,113.65,1592257,14010.18,64.5,78.1,74.5,15,במחיר שוק; סטייה -3.9%
4,7,2,5.5,141.28,1986791,14062.79,72.0,84.2,74.3,16,במחיר שוק; סטייה -3.6%
4,14,1,3,83.9,1168160,13923.24,61.9,80.6,74.1,17,במחיר שוק; סטייה -4.5%; קיימת חלופה טובה יותר באותו מחיר
1,7,1,5.5,140.2,1960413,13982.97,72.4,89.5,73.9,18,במחיר שוק; סטייה -4.1%; קיימת חלופה טובה יותר באותו מחיר
13,14,3,3,82.83,1148468,13865.36,57.7,83.9,73.7,19,במחיר שוק; סטייה -4.9%; קיימת חלופה טובה יותר באותו מחיר
7,7,2,3,83.9,1169575,13940.11,61.6,79.7,73.6,20,במחיר שוק; סטייה -4.4%; קיימת חלופה טובה יותר באותו מחיר
3,7,2,5.5,144.26,2032753,14090.9,70.7,82.3,73.1,21,במחיר שוק; סטייה -3.4%
8,7,3,5.5,144.26,2044426,14171.81,71.3,77.0,73.0,22,במחיר שוק; סטייה -2.8%
9,14,2,3,83.9,1174039,13993.31,62.5,76.7,72.9,23,במחיר שוק; סטייה -4.0%; קיימת חלופה טובה יותר באותו מחיר
32,14,7,4,113.65,1601912,14095.13,65.1,73.2,72.9,24,במחיר שוק; סטייה -3.4%
9,7,3,5.5,141.28,2008607,14217.21,73.4,74.0,72.7,25,במחיר שוק; סטייה -2.5%
18,14,4,3,82.83,1154418,13937.2,58.3,79.8,72.5,26,במחיר שוק; סטייה -4.4%; קיימת חלופה טובה יותר באותו מחיר
1,14,1,5.5,140.38,1985525,14143.93,74.0,78.8,71.8,27,במחיר שוק; סטייה -3.0%
35,7,8,5,125.03,1817795,14538.87,67.3,74.4,71.7,28,במחיר שוק; סטייה -0.3%; קיימת חלופה טובה יותר באותו מחיר
6,14,2,5.5,139.78,1988157,14223.47,73.4,73.5,71.7,29,במחיר שוק; סטייה -2.5%
11,14,3,5.5,139.78,1999418,14304.03,74.0,68.2,71.7,30,במחיר שוק; סטייה -1.9%
14,14,3,3,83.9,1180154,14066.2,63.1,72.6,71.6,31,במחיר שוק; סטייה -3.5%; קיימת חלופה טובה יותר באותו מחיר
6,7,2,3,82.83,1159851,14002.79,58.7,76.1,71.3,32,במחיר שוק; סטייה -4.0%; קיימת חלופה טובה יותר באותו מחיר
12,7,3,3,83.9,1181443,14081.56,63.1,71.7,71.3,33,במחיר שוק; סטייה -3.5%; קיימת חלופה טובה יותר באותו מחיר
23,14,5,3,82.83,1160369,14009.04,58.9,75.8,71.3,34,במחיר שוק; סטייה -4.0%; קיימת חלופה טובה יותר באותו מחיר
10,13,3,5,125.85,1845479,14664.12,78.3,62.4,71.2,35,במחיר שוק; סטייה +0.5%
13,13,4,5,125.85,1847272,14678.36,79.2,61.1,71.0,36,במחיר שוק; סטייה +0.6%
14,7,4,5.5,141.28,2020449,14301.03,74.0,68.4,70.9,37,במחיר שוק; סטייה -1.9%
17,2,5,3,80.0,1142866,14285.83,74.7,60.2,70.7,38,במחיר שוק; סטייה -2.0%
14,6,4,3,82.34,1190876,14462.91,79.6,50.3,70.7,39,במחיר שוק; סטייה -0.8%
17,6,5,3,82.34,1192707,14485.15,80.5,49.0,70.6,40,במחיר שוק; סטייה -0.7%
11,7,3,3,82.83,1162264,14031.92,58.4,74.5,70.6,41,במחיר שוק; סטייה -3.8%; קיימת חלופה טובה יותר באותו מחיר
11,2,3,3,80.0,1143213,14290.16,71.0,60.0,70.5,42,במחיר שוק; סטייה -2.0%
17,13,5,3,80.0,1136188,14202.35,69.4,64.9,70.5,43,במחיר שוק; סטייה -2.6%
11,6,3,3,82.34,1190827,14462.31,78.7,50.3,70.4,44,במחיר שוק; סטייה -0.8%
17,10,5,3,82.34,1176233,14285.07,72.0,60.3,70.4,45,במחיר שוק; סטייה -2.0%; קיימת חלופה טובה יותר באותו מחיר
19,14,4,3,83.9,1186077,14136.79,63.8,68.6,70.4,46,במחיר שוק; סטייה -3.1%; קיימת חלופה טובה יותר באותו מחיר
14,10,4,3,82.34,1175194,14272.46,71.1,61.0,70.3,47,במחיר שוק; סטייה -2.1%; קיימת חלופה טובה יותר באותו מחיר
17,11,5,3,82.34,1190382,14456.91,78.1,50.6,70.3,48,במחיר שוק; סטייה -0.9%
16,13,5,5,125.85,1850117,14700.97,82.8,58.9,70.3,49,במחיר שוק; סטייה +0.8%
11,10,3,3,82.34,1174304,14261.65,70.2,61.6,70.2,50,במחיר שוק; סטייה -2.2%; קיימת חלופה טובה יותר באותו מחיר
37,14,8,4,113.65,1611566,14180.08,65.7,68.3,70.2,51,במחיר שוק; סטייה -2.8%; קיימת חלופה טובה יותר באותו מחיר
14,5,4,3,82.34,1189640,14447.9,77.1,51.1,70.1,52,במחיר שוק; סטייה -0.9%
17,5,5,3,82.34,1190876,14462.91,78.0,50.3,70.1,53,במחיר שוק; סטייה -0.8%
13,7,4,5.5,144.26,2056333,14254.35,72.0,71.5,70.1,54,במחיר שוק; סטייה -2.3%; קיימת חלופה טובה יותר באותו מחיר
17,7,4,3,83.9,1187228,14150.51,63.8,67.8,70.1,55,במחיר שוק; סטייה -3.0%; קיימת חלופה טובה יותר באותו מחיר
14,11,4,3,82.34,1188601,14435.28,76.3,51.8,70.1,56,במחיר שוק; סטייה -1.0%
9,13,3,5,125.84,1846229,14671.24,75.9,61.8,70.1,57,במחיר שוק; סטייה +0.6%
12,13,4,5,125.84,1847527,14681.56,76.8,60.8,70.1,58,במחיר שוק; סטייה +0.7%
28,14,6,3,82.83,1166319,14080.88,59.6,71.8,70.1,59,במחיר שוק; סטייה -3.5%; קיימת חלופה טובה יותר באותו מחיר
11,11,3,3,82.34,1187463,14421.46,75.4,52.6,70.0,60,במחיר שוק; סטייה -1.1%
11,5,3,3,82.34,1189145,14441.89,76.2,51.5,69.9,61,במחיר שוק; סטייה -1.0%
15,13,5,5,125.84,1848393,14688.44,80.4,60.1,69.9,62,במחיר שוק; סטייה +0.7%
5,14,2,5.5,142.42,2021652,14195.0,69.6,75.4,69.8,63,במחיר שוק; סטייה -2.7%; קיימת חלופה טובה יותר באותו מחיר
16,14,4,5.5,139.78,2011332,14389.27,74.6,62.5,69.8,64,במחיר שוק; סטייה -1.3%
14,13,4,3,80.0,1135446,14193.08,66.6,65.5,69.7,65,במחיר שוק; סטייה -2.7%; קיימת חלופה טובה יותר באותו מחיר
10,14,3,5.5,142.42,2033386,14277.39,70.2,70.0,69.7,66,במחיר שוק; סטייה -2.1%; קיימת חלופה טובה יותר באותו מחיר
14,4,4,3,82.34,1192558,14483.34,77.8,49.1,69.6,67,במחיר שוק; סטייה -0.7%
11,13,3,3,80.0,1134704,14183.8,65.7,66.0,69.6,68,במחיר שוק; סטייה -2.8%; קיימת חלופה טובה יותר באותו מחיר
5,6,1,3,82.34,1184890,14390.21,76.1,54.4,69.5,69,במחיר שוק; סטייה -1.3%
11,8,3,3,80.0,1132230,14152.88,63.5,67.7,69.4,70,במחיר שוק; סטייה -3.0%; קיימת חלופה טובה יותר באותו מחיר
5,11,1,3,82.34,1181922,14354.17,73.7,56.4,69.4,71,במחיר שוק; סטייה -1.6%
14,2,4,3,80.0,1149396,14367.45,71.9,55.7,69.3,72,במחיר שוק; סטייה -1.5%
19,7,5,5.5,141.28,2031747,14381.0,74.7,63.1,69.3,73,במחיר שוק; סטייה -1.4%
4,8,1,5,125.85,1844366,14655.27,76.3,63.3,69.2,74,במחיר שוק; סטייה +0.5%
7,13,2,5,125.85,1845726,14666.08,77.4,62.3,69.2,75,במחיר שוק; סטייה +0.6%
15,14,4,5.5,142.42,2044816,14357.65,70.8,64.6,69.2,76,במחיר שוק; סטייה -1.6%
24,14,5,3,83.9,1192094,14208.51,64.4,64.6,69.2,77,במחיר שוק; סטייה -2.6%; קיימת חלופה טובה יותר באותו מחיר
11,4,3,3,82.34,1193498,14494.75,76.8,48.5,69.1,78,במחיר שוק; סטייה -0.6%
4,13,1,5,125.85,1844799,14658.71,76.5,63.0,69.1,79,במחיר שוק; סטייה +0.5%
5,2,1,3,80.0,1139502,14243.77,68.5,62.6,69.0,80,במחיר שוק; סטייה -2.3%
17,3,5,3,82.34,1189343,14444.29,73.7,51.3,69.0,81,במחיר שוק; סטייה -1.0%
8,6,2,3,82.34,1188007,14428.07,76.9,52.2,69.0,82,במחיר שוק; סטייה -1.1%
22,7,5,3,83.9,1193155,14221.16,64.4,63.9,68.9,83,במחיר שוק; סטייה -2.5%; קיימת חלופה טובה יותר באותו מחיר
10,8,3,5,125.85,1855187,14741.26,78.9,55.1,68.8,84,במחיר שוק; סטייה +1.1%
13,8,4,5,125.85,1856362,14750.59,79.8,54.2,68.8,85,במחיר שוק; סטייה +1.1%
33,14,7,3,82.83,1172270,14152.72,60.2,67.7,68.8,86,במחיר שוק; סטייה -3.0%; קיימת חלופה טובה יותר באותו מחיר
8,2,2,3,80.0,1142767,14284.59,70.1,60.3,68.7,87,במחיר שוק; סטייה -2.1%
14,3,4,3,82.34,1189244,14443.09,72.8,51.4,68.7,88,במחיר שוק; סטייה -1.0%
9,8,3,5,125.84,1855937,14748.39,79.1,54.4,68.6,89,במחיר שוק; סטייה +1.1%
18,7,5,5.5,144.26,2067394,14331.03,72.6,66.4,68.5,90,במחיר שוק; סטייה -1.7%; קיימת חלופה טובה יותר באותו מחיר
40,7,9,5,125.03,1823384,14583.57,67.1,70.2,68.5,91,במחיר שוק; סטייה -0.0%; קיימת חלופה טובה יותר באותו מחיר
8,10,2,3,82.34,1174304,14261.65,69.3,61.6,68.5,92,במחיר שוק; סטייה -2.2%; קיימת חלופה טובה יותר באותו מחיר
5,10,1,3,82.34,1173463,14251.43,68.5,62.2,68.4,93,במחיר שוק; סטייה -2.3%; קיימת חלופה טובה יותר באותו מחיר
8,13,2,3,80.0,1131637,14145.46,64.8,68.1,68.4,94,במחיר שוק; סטייה -3.0%; קיימת חלופה טובה יותר באותו מחיר
5,5,1,3,82.34,1185830,14401.63,73.5,53.7,68.3,95,במחיר שוק; סטייה -1.3%
17,8,5,3,80.0,1143114,14288.92,68.0,60.1,68.3,96,במחיר שוק; סטייה -2.0%
16,7,4,3,82.83,1174476,14179.36,60.0,66.2,68.2,97,במחיר שוק; סטייה -2.8%; קיימת חלופה טובה יותר באותו מחיר
12,8,4,5,125.84,1858473,14768.54,80.0,52.4,68.2,98,במחיר שוק; סטייה +1.3%
5,13,1,3,80.0,1131241,14140.51,64.0,68.4,68.2,99,במחיר שוק; סטייה -3.0%; קיימת חלופה טובה יותר באותו מחיר
6,13,2,5,125.84,1845920,14668.79,75.0,62.0,68.2,100,במחיר שוק; סטייה +0.6%
8,11,2,3,82.34,1188403,14432.88,74.5,52.0,68.1,101,במחיר שוק; סטייה -1.0%
21,14,5,5.5,139.78,2023005,14472.78,75.2,57.0,68.1,102,במחיר שוק; סטייה -0.8%
12,2,4,5,125.84,1859153,14773.94,79.8,51.9,68.0,103,במחיר שוק; סטייה +1.3%
14,8,4,3,80.0,1140343,14254.29,65.2,62.0,68.0,104,במחיר שוק; סטייה -2.3%; קיימת חלופה טובה יותר באותו מחיר
29,14,6,3,83.9,1198110,14280.21,65.0,60.6,68.0,105,במחיר שוק; סטייה -2.1%; קיימת חלופה טובה יותר באותו מחיר
8,5,2,3,82.34,1188848,14438.28,74.4,51.7,67.9,106,במחיר שוק; סטייה -1.0%
27,7,6,3,83.9,1198934,14290.04,65.0,60.0,67.8,107,במחיר שוק; סטייה -2.0%; קיימת חלופה טובה יותר באותו מחיר
16,8,5,5,125.85,1859331,14774.18,82.6,51.9,67.8,108,במחיר שוק; סטייה +1.3%
8,8,2,3,80.0,1131587,14144.84,62.6,68.2,67.7,109,במחיר שוק; סטייה -3.0%; קיימת חלופה טובה יותר באותו מחיר
15,8,5,5,125.84,1859586,14777.38,82.8,51.6,67.7,110,במחיר שוק; סטייה +1.3%
15,2,5,5,125.84,1860018,14780.82,82.6,51.3,67.6,111,במחיר שוק; סטייה +1.3%
8,4,2,3,82.34,1192113,14477.93,75.7,49.4,67.6,112,במחיר שוק; סטייה -0.7%
24,7,6,5.5,141.28,2043038,14460.91,75.3,57.8,67.6,113,במחיר שוק; סטייה -0.8%
38,14,8,3,82.83,1178221,14224.57,60.8,63.7,67.6,114,במחיר שוק; סטייה -2.5%; קיימת חלופה טובה יותר באותו מחיר
5,8,1,3,80.0,1131587,14144.84,61.8,68.2,67.4,115,במחיר שוק; סטייה -3.0%; קיימת חלופה טובה יותר באותו מחיר
5,4,1,3,82.34,1191866,14474.93,74.7,49.6,67.3,116,במחיר שוק; סטייה -0.8%
3,8,1,5,125.84,1852289,14719.4,77.3,57.1,67.3,117,במחיר שוק; סטייה +0.9%
20,14,5,5.5,142.42,2049427,14390.02,70.5,62.5,67.2,118,במחיר שוק; סטייה -1.3%; קיימת חלופה טובה יותר באותו מחיר
9,2,3,5,125.84,1862492,14800.48,79.8,49.4,67.1,119,במחיר שוק; סטייה +1.5%
11,3,3,3,82.34,1189244,14443.09,71.9,51.4,67.1,120,במחיר שוק; סטייה -1.0%; קיימת חלופה טובה יותר באותו מחיר
21,7,5,3,82.83,1180289,14249.54,60.6,62.3,67.0,121,במחיר שוק; סטייה -2.3%; קיימת חלופה טובה יותר באותו מחיר
3,13,1,5,125.84,1844992,14661.41,74.1,62.7,67.0,122,במחיר שוק; סטייה +0.5%; קיימת חלופה טובה יותר באותו מחיר
42,14,9,4,113.65,1621220,14265.02,66.3,63.3,67.0,123,במחיר שוק; סטייה -2.2%; קיימת חלופה טובה יותר באותו מחיר
23,7,6,5.5,144.26,2078565,14408.46,73.3,61.3,66.9,124,במחיר שוק; סטייה -1.2%; קיימת חלופה טובה יותר באותו מחיר
7,8,2,5,125.85,1855064,14740.28,78.0,55.1,66.9,125,במחיר שוק; סטייה +1.1%
6,8,2,5,125.84,1855752,14746.92,78.2,54.5,66.7,126,במחיר שוק; סטייה +1.1%
7,1,3,5,129.31,1907826,14753.89,80.4,50.8,66.6,127,במחיר שוק; סטייה +1.2%
34,14,7,3,83.9,1205035,14362.75,65.7,55.9,66.5,128,במחיר שוק; סטייה -1.5%; קיימת חלופה טובה יותר באותו מחיר
43,14,9,3,82.83,1184171,14296.4,61.5,59.6,66.4,129,במחיר שוק; סטייה -2.0%; קיימת חלופה טובה יותר באותו מחיר
29,7,7,5.5,141.28,2051947,14523.97,75.9,53.6,66.3,130,במחיר שוק; סטייה -0.4%
32,7,7,3,83.9,1206071,14375.1,65.7,55.2,66.3,131,במחיר שוק; סטייה -1.4%; קיימת חלופה טובה יותר באותו מחיר
7,9,3,4,116.7,1697481,14545.68,79.6,44.0,66.3,132,במחיר שוק; סטייה -0.3%
26,14,6,5.5,139.78,2034796,14557.13,75.9,51.4,66.3,133,במחיר שוק; סטייה -0.2%
8,12,4,4,113.97,1659351,14559.54,80.1,43.2,66.2,134,במחיר שוק; סטייה -0.2%
3,1,1,5,129.31,1900900,14700.33,78.3,56.0,66.1,135,במחיר שוק; סטייה +0.8%
6,2,2,5,125.84,1858287,14767.06,78.0,52.6,66.0,136,במחיר שוק; סטייה +1.2%
30,14,7,5.5,142.42,2058479,14453.58,71.1,58.3,65.9,137,במחיר שוק; סטייה -0.9%; קיימת חלופה טובה יותר באותו מחיר
5,1,2,5,129.31,1903497,14720.42,79.4,54.0,65.8,138,במחיר שוק; סטייה +0.9%
15,5,5,5,125.93,1868235,14835.5,80.4,43.0,65.8,139,במחיר שוק; סטייה +1.7%
26,7,6,3,82.83,1186099,14319.68,61.2,58.3,65.8,140,במחיר שוק; סטייה -1.8%; קיימת חלופה טובה יותר באותו מחיר
6,12,3,4,113.97,1659041,14556.82,79.0,43.4,65.8,141,במחיר שוק; סטייה -0.2%
9,1,4,5,129.31,1913824,14800.28,82.2,46.4,65.7,142,במחיר שוק; סטייה +1.5%
18,5,6,5,125.93,1869843,14848.27,81.3,41.8,65.7,143,במחיר שוק; סטייה +1.8%
50,7,11,5,125.03,1833498,14664.46,68.4,62.4,65.6,144,במחיר שוק; סטייה +0.6%; קיימת חלופה טובה יותר באותו מחיר
9,5,3,5,125.93,1866936,14825.19,78.6,44.0,65.5,145,במחיר שוק; סטייה +1.6%
12,5,4,5,125.93,1868173,14835.01,79.5,43.1,65.5,146,במחיר שוק; סטייה +1.7%
15,6,5,5,125.93,1866504,14821.76,78.2,44.3,65.5,147,במחיר שוק; סטייה +1.6%
18,6,6,5,125.93,1867555,14830.1,79.0,43.5,65.5,148,במחיר שוק; סטייה +1.7%
8,3,2,3,82.34,1188057,14428.67,70.1,52.2,65.4,149,במחיר שוק; סטייה -1.1%; קיימת חלופה טובה יותר באותו מחיר
25,14,6,5.5,142.42,2061354,14473.77,71.2,56.9,65.4,150,במחיר שוק; סטייה -0.8%; קיימת חלופה טובה יותר באותו מחיר
28,7,7,5.5,144.26,2089726,14485.83,73.9,56.1,65.3,151,במחיר שוק; סטייה -0.7%; קיימת חלופה טובה יותר באותו מחיר
45,7,10,5,125.03,1833684,14665.95,67.7,62.3,65.3,152,במחיר שוק; סטייה +0.6%; קיימת חלופה טובה יותר באותו מחיר
3,2,1,5,125.84,1861193,14790.15,78.0,50.4,65.2,153,במחיר שוק; סטייה +1.4%
12,6,4,5,125.93,1866565,14822.24,77.3,44.3,65.2,154,במחיר שוק; סטייה +1.6%
10,12,5,4,113.97,1663988,14600.23,83.2,40.9,65.2,155,במחיר שוק; סטייה +0.1%
53,14,11,3,82.83,1190122,14368.25,62.7,55.6,65.2,156,במחיר שוק; סטייה -1.5%; קיימת חלופה טובה יותר באותו מחיר
16,2,5,5,125.85,1861680,14792.85,77.0,50.1,65.1,157,במחיר שוק; סטייה +1.4%
9,9,4,4,116.7,1706076,14619.33,80.7,39.8,65.1,158,במחיר שוק; סטייה +0.2%
52,14,11,4,113.65,1630875,14349.98,67.6,58.4,65.1,159,במחיר שוק; סטייה -1.6%; קיימת חלופה טובה יותר באותו מחיר
6,1,3,5,128.98,1895219,14693.9,73.5,56.6,65.0,160,במחיר שוק; סטייה +0.8%; קיימת חלופה טובה יותר באותו מחיר
39,14,8,3,83.9,1212185,14447.97,66.3,51.1,65.0,161,במחיר שוק; סטייה -0.9%; קיימת חלופה טובה יותר באותו מחיר
47,14,10,4,113.65,1630875,14349.98,67.0,58.4,64.9,162,במחיר שוק; סטייה -1.6%; קיימת חלופה טובה יותר באותו מחיר
48,14,10,3,82.83,1190122,14368.25,62.1,55.6,64.9,163,במחיר שוק; סטייה -1.5%; קיימת חלופה טובה יותר באותו מחיר
11,1,5,5,129.31,1920688,14853.36,84.8,41.3,64.8,164,במחיר שוק; סטייה +1.8%
5,3,1,3,82.34,1190431,14457.51,70.1,50.6,64.8,165,במחיר שוק; סטייה -0.9%; קיימת חלופה טובה יותר באותו מחיר
34,7,8,5.5,141.28,2062845,14601.11,76.5,48.5,64.7,166,במחיר שוק; סטייה +0.1%
37,7,8,3,83.9,1213471,14463.3,66.3,50.3,64.7,167,במחיר שוק; סטייה -0.8%; קיימת חלופה טובה יותר באותו מחיר
31,7,7,3,82.83,1191858,14389.21,61.9,54.4,64.6,168,במחיר שוק; סטייה -1.3%; קיימת חלופה טובה יותר באותו מחיר
31,14,7,5.5,139.78,2046526,14641.05,76.5,45.8,64.5,169,במחיר שוק; סטייה +0.4%
10,2,3,5,125.85,1858465,14767.3,72.4,52.6,64.4,170,במחיר שוק; סטייה +1.2%; קיימת חלופה טובה יותר באותו מחיר
18,3,6,5,125.93,1871636,14862.51,78.9,40.4,64.4,171,במחיר שוק; סטייה +1.9%
8,1,4,5,128.98,1899486,14726.98,74.6,53.4,64.3,172,במחיר שוק; סטייה +1.0%; קיימת חלופה טובה יותר באותו מחיר
12,3,4,5,125.93,1869719,14847.29,77.1,41.9,64.3,173,במחיר שוק; סטייה +1.8%
11,9,5,4,116.7,1708549,14640.52,83.0,38.5,64.3,174,במחיר שוק; סטייה +0.4%
6,9,3,4,113.97,1664298,14602.95,77.2,40.7,64.2,175,במחיר שוק; סטייה +0.1%
15,3,5,5,125.93,1871512,14861.53,78.0,40.5,64.1,176,במחיר שוק; סטייה +1.9%
16,3,5,5,127.03,1886121,14847.84,76.8,41.8,64.1,177,במחיר שוק; סטייה +1.8%
9,6,3,5,125.93,1865205,14811.44,76.4,45.3,64.0,178,במחיר שוק; סטייה +1.6%; קיימת חלופה טובה יותר באותו מחיר
8,9,4,4,113.97,1667884,14634.41,78.3,38.9,64.0,179,במחיר שוק; סטייה +0.3%
2,12,1,4,113.97,1654898,14520.47,76.2,45.5,64.0,180,במחיר שוק; סטייה -0.4%
58,14,12,3,82.83,1196072,14440.08,63.4,51.6,64.0,181,במחיר שוק; סטייה -1.0%; קיימת חלופה טובה יותר באותו מחיר
6,5,2,5,125.93,1865947,14817.34,77.7,44.8,63.9,182,במחיר שוק; סטייה +1.6%
4,12,2,4,113.97,1658980,14556.29,78.0,43.4,63.9,183,במחיר שוק; סטייה -0.2%
4,1,2,5,128.98,1892807,14675.2,72.5,58.4,63.7,184,במחיר שוק; סטייה +0.6%; קיימת חלופה טובה יותר באותו מחיר
11,12,5,4,116.7,1699212,14560.51,76.5,43.2,63.7,185,במחיר שוק; סטייה -0.2%
10,1,5,5,128.98,1909998,14808.48,77.2,45.6,63.6,186,במחיר שוק; סטייה +1.5%
3,5,1,5,125.93,1865823,14816.35,76.8,44.9,63.6,187,במחיר שוק; סטייה +1.6%
33,7,8,5.5,144.26,2101489,14567.37,74.5,50.7,63.6,188,במחיר שוק; סטייה -0.1%; קיימת חלופה טובה יותר באותו מחיר
12,10,4,5,125.93,1872131,14866.44,77.1,40.1,63.6,189,במחיר שוק; סטייה +1.9%
57,14,12,4,113.65,1640529,14434.92,68.2,53.5,63.6,190,במחיר שוק; סטייה -1.0%; קיימת חלופה טובה יותר באותו מחיר
5,9,2,4,116.7,1701995,14584.36,78.6,41.8,63.5,191,במחיר שוק; סטייה -0.0%
36,7,8,3,82.83,1197860,14461.67,62.5,50.4,63.4,192,במחיר שוק; סטייה -0.8%; קיימת חלופה טובה יותר באותו מחיר
10,9,5,4,113.97,1668997,14644.18,80.8,38.3,63.4,193,במחיר שוק; סטייה +0.4%
15,10,5,5,125.93,1874233,14883.13,78.0,38.5,63.4,194,במחיר שוק; סטייה +2.0%
16,10,5,5,127.03,1888780,14868.77,76.8,39.8,63.4,195,במחיר שוק; סטייה +1.9%
44,14,9,3,83.9,1219822,14539.0,66.9,46.0,63.4,196,במחיר שוק; סטייה -0.3%; קיימת חלופה טובה יותר באותו מחיר
13,2,4,5,125.85,1864587,14815.95,74.2,47.9,63.3,197,במחיר שוק; סטייה +1.6%; קיימת חלופה טובה יותר באותו מחיר
13,4,4,5,127.03,1890141,14879.49,77.6,38.8,63.3,198,במחיר שוק; סטייה +2.0%
4,3,1,5,127.03,1873507,14748.54,72.5,51.4,63.2,199,במחיר שוק; סטייה +1.1%; קיימת חלופה טובה יותר באותו מחיר
2,1,1,5,128.98,1892622,14673.76,70.7,58.5,63.1,200,במחיר שוק; סטייה +0.6%; קיימת חלופה טובה יותר באותו מחיר
4,2,1,5,125.85,1854693,14737.33,70.6,55.4,63.1,201,במחיר שוק; סטייה +1.1%; קיימת חלופה טובה יותר באותו מחיר
9,3,3,5,125.93,1868421,14836.98,76.2,42.9,63.1,202,במחיר שוק; סטייה +1.7%; קיימת חלופה טובה יותר באותו מחיר
42,7,9,3,83.9,1221053,14553.67,66.9,45.2,63.1,203,במחיר שוק; סטייה -0.2%; קיימת חלופה טובה יותר באותו מחיר
10,3,3,5,127.03,1883524,14827.4,75.0,43.8,63.0,204,במחיר שוק; סטייה +1.7%; קיימת חלופה טובה יותר באותו מחיר
55,7,12,5,125.03,1844104,14749.29,69.0,54.3,63.0,205,במחיר שוק; סטייה +1.1%; קיימת חלופה טובה יותר באותו מחיר
3,9,1,4,116.7,1702860,14591.77,77.5,41.4,63.0,206,במחיר שוק; סטייה +0.1%
7,2,2,5,125.85,1856795,14754.03,71.5,53.8,62.9,207,במחיר שוק; סטייה +1.2%; קיימת חלופה טובה יותר באותו מחיר
6,3,2,5,125.93,1861680,14783.45,74.6,48.0,62.7,208,במחיר שוק; סטייה +1.4%; קיימת חלופה טובה יותר באותו מחיר
13,3,4,5,127.03,1885874,14845.89,75.9,42.0,62.7,209,במחיר שוק; סטייה +1.8%; קיימת חלופה טובה יותר באותו מחיר
7,12,3,4,116.7,1697728,14547.8,73.1,43.9,62.7,210,במחיר שוק; סטייה -0.2%; קיימת חלופה טובה יותר באותו מחיר
36,14,8,5.5,139.78,2058437,14726.26,77.1,40.2,62.7,211,במחיר שוק; סטייה +1.0%
13,10,4,5,127.03,1886121,14847.84,75.9,41.8,62.6,212,במחיר שוק; סטייה +1.8%; קיימת חלופה טובה יותר באותו מחיר
63,14,13,3,82.83,1202529,14518.04,64.0,47.2,62.6,213,במחיר שוק; סטייה -0.5%; קיימת חלופה טובה יותר באותו מחיר
13,5,4,5,127.03,1877711,14781.63,69.2,48.2,62.5,214,במחיר שוק; סטייה +1.4%; קיימת חלופה טובה יותר באותו מחיר
10,10,3,5,127.03,1885256,14841.03,75.0,42.5,62.5,215,במחיר שוק; סטייה +1.8%; קיימת חלופה טובה יותר באותו מחיר
16,11,5,5,127.03,1893789,14908.2,77.9,36.1,62.5,216,במחיר שוק; סטייה +2.2%
13,11,4,5,127.03,1892985,14901.87,77.0,36.7,62.4,217,במחיר שוק; סטייה +2.2%
4,9,2,4,113.97,1664236,14602.4,76.2,40.8,62.3,218,במחיר שוק; סטייה +0.1%
9,10,3,5,125.93,1871265,14859.56,76.2,40.7,62.3,219,במחיר שוק; סטייה +1.9%; קיימת חלופה טובה יותר באותו מחיר
18,10,6,5,125.93,1880726,14934.69,79.8,33.5,62.2,220,במחיר שוק; סטייה +2.4%
10,5,3,5,127.03,1877650,14781.15,68.3,48.2,62.1,221,במחיר שוק; סטייה +1.4%; קיימת חלופה טובה יותר באותו מחיר
6,6,2,5,125.93,1865205,14811.44,75.5,45.3,62.1,222,במחיר שוק; סטייה +1.6%; קיימת חלופה טובה יותר באותו מחיר
3,10,1,5,125.93,1863968,14801.62,74.4,46.3,62.1,223,במחיר שוק; סטייה +1.5%; קיימת חלופה טובה יותר באותו מחיר
16,6,5,5,127.03,1878701,14789.43,68.8,47.4,62.0,224,במחיר שוק; סטייה +1.4%; קיימת חלופה טובה יותר באותו מחיר
35,14,8,5.5,142.42,2084225,14634.36,72.4,46.3,62.0,225,במחיר שוק; סטייה +0.3%; קיימת חלופה טובה יותר באותו מחיר
62,14,13,4,113.65,1650184,14519.88,68.9,48.5,62.0,226,במחיר שוק; סטייה -0.4%; קיימת חלופה טובה יותר באותו מחיר
3,6,1,5,125.93,1864772,14808.0,74.6,45.7,61.9,227,במחיר שוק; סטייה +1.5%; קיימת חלופה טובה יותר באותו מחיר
41,7,9,3,82.83,1204702,14544.27,63.1,45.7,61.9,228,במחיר שוק; סטייה -0.3%; קיימת חלופה טובה יותר באותו מחיר
9,12,4,4,116.7,1704159,14602.9,74.2,40.7,61.9,229,במחיר שוק; סטייה +0.1%; קיימת חלופה טובה יותר באותו מחיר
54,14,11,3,83.9,1227336,14628.56,68.2,41.0,61.9,230,במחיר שוק; סטייה +0.3%; קיימת חלופה טובה יותר באותו מחיר
10,4,3,5,127.03,1889028,14870.72,75.6,39.7,61.7,231,במחיר שוק; סטייה +2.0%; קיימת חלופה טובה יותר באותו מחיר
4,10,1,5,127.03,1880061,14800.13,73.2,46.4,61.7,232,במחיר שוק; סטייה +1.5%; קיימת חלופה טובה יותר באותו מחיר
10,6,3,5,127.03,1877959,14783.59,67.0,48.0,61.6,233,במחיר שוק; סטייה +1.4%; קיימת חלופה טובה יותר באותו מחיר
52,7,11,3,83.9,1228325,14640.35,68.2,40.3,61.6,234,במחיר שוק; סטייה +0.4%; קיימת חלופה טובה יותר באותו מחיר
49,14,10,3,83.9,1227398,14629.3,67.5,40.9,61.6,235,במחיר שוק; סטייה +0.3%; קיימת חלופה טובה יותר באותו מחיר
13,6,4,5,127.03,1879505,14795.76,67.9,46.8,61.5,236,במחיר שוק; סטייה +1.4%; קיימת חלופה טובה יותר באותו מחיר
10,11,3,5,127.03,1890697,14883.86,76.1,38.4,61.5,237,במחיר שוק; סטייה +2.0%; קיימת חלופה טובה יותר באותו מחיר
59,14,12,3,83.9,1234973,14719.58,68.8,35.9,61.5,238,במחיר שוק; סטייה +0.9%
16,5,5,5,127.03,1882720,14821.07,70.1,44.4,61.4,239,במחיר שוק; סטייה +1.6%; קיימת חלופה טובה יותר באותו מחיר
57,7,12,3,83.9,1235159,14721.8,68.8,35.7,61.4,240,במחיר שוק; סטייה +0.9%
7,10,2,5,127.03,1882164,14816.69,74.1,44.8,61.4,241,במחיר שוק; סטייה +1.6%; קיימת חלופה טובה יותר באותו מחיר
47,7,10,3,83.9,1228449,14641.82,67.5,40.2,61.3,242,במחיר שוק; סטייה +0.4%; קיימת חלופה טובה יותר באותו מחיר
7,3,2,5,127.03,1882968,14823.02,74.1,44.2,61.2,243,במחיר שוק; סטייה +1.6%; קיימת חלופה טובה יותר באותו מחיר
68,14,14,3,82.83,1209967,14607.84,64.6,42.1,61.0,244,במחיר שוק; סטייה +0.2%; קיימת חלופה טובה יותר באותו מחיר
15,4,5,5,125.93,1876212,14898.85,75.5,37.0,60.7,245,במחיר שוק; סטייה +2.1%; קיימת חלופה טובה יותר באותו מחיר
38,7,9,5.5,143.86,2107772,14651.55,76.6,45.1,60.7,246,במחיר שוק; סטייה +0.5%
39,7,9,5.5,141.28,2078778,14713.89,77.2,41.0,60.7,247,במחיר שוק; סטייה +0.9%
64,14,13,3,83.9,1237800,14753.28,68.6,34.0,60.7,248,במחיר שוק; סטייה +1.2%
4,4,1,5,127.03,1884514,14835.19,73.5,43.1,60.6,249,במחיר שוק; סטייה +1.7%; קיימת חלופה טובה יותר באותו מחיר
51,7,11,3,82.83,1211831,14630.34,64.4,40.9,60.5,250,במחיר שוק; סטייה +0.3%; קיימת חלופה טובה יותר באותו מחיר
6,10,2,5,125.93,1870708,14855.14,75.3,41.1,60.5,251,במחיר שוק; סטייה +1.9%; קיימת חלופה טובה יותר באותו מחיר
67,14,14,4,113.65,1659838,14604.82,69.5,43.6,60.5,252,במחיר שוק; סטייה +0.1%; קיימת חלופה טובה יותר באותו מחיר
12,4,4,5,125.93,1876088,14897.86,74.5,37.1,60.4,253,במחיר שוק; סטייה +2.1%; קיימת חלופה טובה יותר באותו מחיר
60,7,13,5,125.03,1854458,14832.1,69.6,46.4,60.4,254,במחיר שוק; סטייה +1.7%; קיימת חלופה טובה יותר באותו מחיר
3,12,1,4,116.7,1696058,14533.49,70.4,44.8,60.4,255,במחיר שוק; סטייה -0.3%; קיימת חלופה טובה יותר באותו מחיר
9,4,3,5,125.93,1875161,14890.5,73.4,37.8,60.3,256,במחיר שוק; סטייה +2.1%; קיימת חלופה טובה יותר באותו מחיר
7,5,2,5,127.03,1877464,14779.69,67.4,48.4,60.3,257,במחיר שוק; סטייה +1.3%; קיימת חלופה טובה יותר באותו מחיר
7,4,2,5,127.03,1887420,14858.07,74.6,40.9,60.2,258,במחיר שוק; סטייה +1.9%; קיימת חלופה טובה יותר באותו מחיר
46,7,10,3,82.83,1212140,14634.07,63.7,40.7,60.2,259,במחיר שוק; סטייה +0.3%; קיימת חלופה טובה יותר באותו מחיר
5,12,2,4,116.7,1700882,14574.82,72.1,42.4,60.2,260,במחיר שוק; סטייה -0.1%; קיימת חלופה טובה יותר באותו מחיר
4,5,1,5,127.03,1876908,14775.31,66.5,48.8,60.1,261,במחיר שוק; סטייה +1.3%; קיימת חלופה טובה יותר באותו מחיר
48,7,11,5.5,144.26,2119377,14691.37,75.7,42.5,60.1,262,במחיר שוק; סטייה +0.7%
18,11,6,5,125.93,1878685,14918.49,75.6,35.1,60.1,263,במחיר שוק; סטייה +2.3%; קיימת חלופה טובה יותר באותו מחיר
4,6,1,5,127.03,1874991,14760.22,64.4,50.2,59.9,264,במחיר שוק; סטייה +1.2%; קיימת חלופה טובה יותר באותו מחיר
12,11,4,5,125.93,1877078,14905.73,73.9,36.3,59.9,265,במחיר שוק; סטייה +2.2%; קיימת חלופה טובה יותר באותו מחיר
7,6,2,5,127.03,1876351,14770.93,65.3,49.2,59.8,266,במחיר שוק; סטייה +1.3%; קיימת חלופה טובה יותר באותו מחיר
2,9,1,4,113.97,1667884,14634.41,74.4,38.9,59.8,267,במחיר שוק; סטייה +0.3%; קיימת חלופה טובה יותר באותו מחיר
7,11,2,5,127.03,1890203,14879.97,75.2,38.8,59.7,268,במחיר שוק; סטייה +2.0%; קיימת חלופה טובה יותר באותו מחיר
9,11,3,5,125.93,1876645,14902.29,73.0,36.6,59.7,269,במחיר שוק; סטייה +2.2%; קיימת חלופה טובה יותר באותו מחיר
4,11,1,5,127.03,1889399,14873.64,74.3,39.4,59.6,270,במחיר שוק; סטייה +2.0%; קיימת חלופה טובה יותר באותו מחיר
15,11,5,5,125.93,1879366,14923.89,74.8,34.6,59.6,271,במחיר שוק; סטייה +2.3%; קיימת חלופה טובה יותר באותו מחיר
43,7,10,5.5,143.86,2111215,14675.48,76.5,43.5,59.5,272,במחיר שוק; סטייה +0.6%
49,7,11,5.5,141.28,2083187,14745.09,77.7,38.9,59.5,273,במחיר שוק; סטייה +1.1%
3,3,1,5,125.93,1874913,14888.53,75.3,38.0,59.4,274,במחיר שוק; סטייה +2.1%; קיימת חלופה טובה יותר באותו מחיר
44,7,10,5.5,141.28,2082383,14739.4,77.1,39.3,59.4,275,במחיר שוק; סטייה +1.1%
41,14,9,5.5,139.78,2070225,14810.6,77.8,34.6,59.4,276,במחיר שוק; סטייה +1.6%
56,7,12,3,82.83,1218582,14711.84,65.0,36.3,59.0,277,במחיר שוק; סטייה +0.9%; קיימת חלופה טובה יותר באותו מחיר
62,7,13,3,83.9,1242360,14807.63,69.5,30.9,58.7,278,במחיר שוק; סטייה +1.5%; קיימת חלופה טובה יותר באותו מחיר
40,14,9,5.5,142.42,2096082,14717.61,73.1,40.7,58.7,279,במחיר שוק; סטייה +0.9%; קיימת חלופה טובה יותר באותו מחיר
3,4,1,5,125.93,1871945,14864.96,70.4,40.2,58.5,280,במחיר שוק; סטייה +1.9%; קיימת חלופה טובה יותר באותו מחיר
6,4,2,5,125.93,1873306,14875.77,71.5,39.2,58.5,281,במחיר שוק; סטייה +2.0%; קיימת חלופה טובה יותר באותו מחיר
73,14,15,3,82.83,1217405,14697.63,65.2,37.1,58.4,282,במחיר שוק; סטייה +0.8%; קיימת חלופה טובה יותר באותו מחיר
6,11,2,5,125.93,1875655,14894.43,72.1,37.4,58.1,283,במחיר שוק; סטייה +2.1%; קיימת חלופה טובה יותר באותו מחיר
51,14,11,5.5,139.78,2074839,14843.6,78.1,32.4,58.1,284,במחיר שוק; סטייה +1.8%
3,11,1,5,125.93,1875099,14890.01,71.2,37.8,57.9,285,במחיר שוק; סטייה +2.1%; קיימת חלופה טובה יותר באותו מחיר
72,14,15,4,113.65,1669492,14689.77,70.1,38.7,57.9,286,במחיר שוק; סטייה +0.7%; קיימת חלופה טובה יותר באותו מחיר
65,7,14,5,125.03,1865061,14916.91,70.2,38.2,57.7,287,במחיר שוק; סטייה +2.3%; קיימת חלופה טובה יותר באותו מחיר
69,14,14,3,83.9,1246041,14851.5,69.2,28.5,57.7,288,במחיר שוק; סטייה +1.8%; קיימת חלופה טובה יותר באותו מחיר
61,7,13,3,82.83,1226074,14802.29,65.7,31.2,57.5,289,במחיר שוק; סטייה +1.5%; קיימת חלופה טובה יותר באותו מחיר
50,14,11,5.5,142.42,2103732,14771.32,74.3,37.2,57.3,290,במחיר שוק; סטייה +1.3%; קיימת חלופה טובה יותר באותו מחיר
67,7,14,3,83.9,1249681,14894.89,70.1,26.0,57.2,291,במחיר שוק; סטייה +2.1%; קיימת חלופה טובה יותר באותו מחיר
66,7,14,3,82.83,1233127,14887.44,66.3,26.4,57.1,292,במחיר שוק; סטייה +2.1%
46,14,10,5.5,139.78,2081950,14894.48,78.4,29.0,57.0,293,במחיר שוק; סטייה +2.1%
78,14,16,3,82.83,1224844,14787.44,65.9,32.1,56.8,294,במחיר שוק; סטייה +1.4%; קיימת חלופה טובה יותר באותו מחיר
45,14,10,5.5,142.42,2107257,14796.07,73.7,35.5,56.4,295,במחיר שוק; סטייה +1.4%; קיימת חלופה טובה יותר באותו מחיר
77,14,16,4,113.65,1679147,14774.72,70.8,33.8,56.4,296,במחיר שוק; סטייה +1.3%; קיימת חלופה טובה יותר באותו מחיר
83,14,17,3,82.83,1232282,14877.24,66.5,27.0,56.4,297,במחיר שוק; סטייה +2.0%
88,14,18,3,82.83,1239720,14967.04,67.2,22.0,54.9,298,במחיר שוק; סטייה +2.6%
82,14,17,4,113.65,1688801,14859.67,71.4,28.8,54.8,299,במחיר שוק; סטייה +1.9%; קיימת חלופה טובה יותר באותו מחיר
74,14,15,3,83.9,1255171,14960.32,69.8,22.3,54.7,300,במחיר שוק; סטייה +2.6%; קיימת חלופה טובה יותר באותו מחיר
54,7,12,5.5,141.04,2113125,14982.45,83.1,23.2,54.6,301,במחיר שוק; סטייה +2.7%
71,7,15,3,82.83,1240490,14976.34,66.9,21.4,54.6,302,במחיר שוק; סטייה +2.7%
72,7,15,3,83.9,1257000,14982.12,70.7,21.1,54.6,303,במחיר שוק; סטייה +2.7%; קיימת חלופה טובה יותר באותו מחיר
70,7,15,5,125.03,1874402,14991.62,70.9,31.1,54.4,304,במחיר שוק; סטייה +2.8%; קיימת חלופה טובה יותר באותו מחיר
77,7,16,3,83.9,1264252,15068.56,71.3,16.3,54.3,305,במחיר שוק; סטייה +3.3%
79,14,16,3,83.9,1264442,15070.82,71.3,16.1,54.2,306,במחיר שוק; סטייה +3.3%
87,14,18,4,113.65,1698455,14944.61,76.0,23.9,53.9,307,במחיר שוק; סטייה +2.5%
59,7,13,5.5,139.78,2109033,15088.23,80.3,16.1,53.1,308,במחיר שוק; סטייה +3.5%
82,7,17,3,83.9,1271118,15150.39,72.0,11.7,52.9,309,במחיר שוק; סטייה +3.9%
61,14,13,5.5,139.78,2110954,15101.97,80.3,15.2,52.7,310,במחיר שוק; סטייה +3.5%
84,14,17,3,83.9,1272264,15164.05,72.0,10.9,52.6,311,במחיר שוק; סטייה +4.0%
56,14,12,5.5,139.78,2111012,15102.39,79.7,15.2,52.5,312,במחיר שוק; סטייה +3.5%
90,7,19,3,82.83,1246322,15046.75,67.8,17.5,52.3,313,במחיר שוק; סטייה +3.2%; קיימת חלופה טובה יותר באותו מחיר
92,14,19,3,82.83,1246322,15046.75,67.8,17.5,52.3,314,במחיר שוק; סטייה +3.2%; קיימת חלופה טובה יותר באותו מחיר
75,7,16,5,125.03,1884807,15074.84,71.5,23.1,51.8,315,במחיר שוק; סטייה +3.4%; קיימת חלופה טובה יותר באותו מחיר
76,7,16,3,82.83,1247598,15062.15,67.5,16.6,51.8,316,במחיר שוק; סטייה +3.3%; קיימת חלופה טובה יותר באותו מחיר
81,7,17,3,82.83,1254192,15141.76,68.2,12.2,50.5,317,במחיר שוק; סטייה +3.8%; קיימת חלופה טובה יותר באותו מחיר
87,7,18,3,83.9,1278425,15237.49,78.2,6.8,50.2,318,במחיר שוק; סטייה +4.5%
89,14,18,3,83.9,1280409,15261.13,79.1,5.4,50.0,319,במחיר שוק; סטייה +4.6%
80,7,17,5,125.03,1895083,15157.03,72.1,15.2,49.2,320,במחיר שוק; סטייה +3.9%; קיימת חלופה טובה יותר באותו מחיר
86,7,18,3,82.83,1261609,15231.31,67.9,7.1,48.6,321,במחיר שוק; סטייה +4.4%; קיימת חלופה טובה יותר באותו מחיר
85,7,18,5,125.03,1905419,15239.69,76.8,7.3,47.2,322,במחיר שוק; סטייה +4.5%
