דירה,בניין,קומה,חדרים,שטח,מרפסת,נוף,ציון מיקום,ציון תכנון,ציון נדירות,ציון איכות כולל,הערות
93,7,21,6,208.71,176.26,נוף פנורמי גבוה (ים/עיר) - מוערך,95.0,82.0,100,95.2,"מגדל 22 קומות; קומה גבוהה במגדל; יחידת פינה/רב-כיוונית | כיוון מערב - פוטנציאל נוף ים; כיוון דרום; 4 כיווני אוויר; גובה מגדל מגביר נוף | שטח מרווח (34.8 מ""ר/חדר); מרפסת/גינה גדולה (84.5%); תכנון יחידת"
95,14,21,6,208.71,176.26,נוף פנורמי גבוה (ים/עיר) - מוערך,95.0,82.0,100,95.2,"מגדל 22 קומות; קומה גבוהה במגדל; יחידת פינה/רב-כיוונית | כיוון מערב - פוטנציאל נוף ים; כיוון דרום; 4 כיווני אוויר; גובה מגדל מגביר נוף | שטח מרווח (34.8 מ""ר/חדר); מרפסת/גינה גדולה (84.5%); תכנון יחידת"
92,7,20,5,170.66,67.14,נוף פנורמי גבוה (ים/עיר) - מוערך,92.9,82.0,100,94.0,"מגדל 22 קומות; קומה גבוהה במגדל; יחידת פינה/רב-כיוונית | כיוון מערב - פוטנציאל נוף ים; כיוון דרום; 4 כיווני אוויר; גובה מגדל מגביר נוף | שטח מרווח (34.1 מ""ר/חדר); מרפסת/גינה גדולה (39.3%); תכנון יחידת"
94,14,20,5,170.66,67.14,נוף פנורמי גבוה (ים/עיר) - מוערך,92.9,82.0,100,94.0,"מגדל 22 קומות; קומה גבוהה במגדל; יחידת פינה/רב-כיוונית | כיוון מערב - פוטנציאל נוף ים; כיוון דרום; 4 כיווני אוויר; גובה מגדל מגביר נוף | שטח מרווח (34.1 מ""ר/חדר); מרפסת/גינה גדולה (39.3%); תכנון יחידת"
91,7,20,6,188.18,85.12,נוף פנורמי גבוה (ים/עיר) - מוערך,92.9,86.0,100,93.9,"מגדל 22 קומות; קומה גבוהה במגדל; יחידת פינה/רב-כיוונית | כיוון מערב - פוטנציאל נוף ים; כיוון דרום; 4 כיווני אוויר; גובה מגדל מגביר נוף | יעילות שטח טובה (31.4 מ""ר/חדר); מרפסת/גינה גדולה (45.2%); תכנון"
88,7,19,6,186.47,97.36,נוף פנורמי גבוה (ים/עיר) - מוערך,90.7,86.0,100,92.6,"מגדל 22 קומות; קומה גבוהה במגדל; יחידת פינה/רב-כיוונית | כיוון מערב - פוטנציאל נוף ים; 3 כיווני אוויר; גובה מגדל מגביר נוף | יעילות שטח טובה (31.1 מ""ר/חדר); מרפסת/גינה גדולה (52.2%); תכנון יחידתי יוקר"
93,14,20,6,188.18,85.12,נוף פנורמי גבוה (ים/עיר) - מוערך,92.9,86.0,100,92.4,"מגדל 22 קומות; קומה גבוהה במגדל; יחידת פינה/רב-כיוונית | כיוון מערב - פוטנציאל נוף ים; 3 כיווני אוויר; גובה מגדל מגביר נוף | יעילות שטח טובה (31.4 מ""ר/חדר); מרפסת/גינה גדולה (45.2%); תכנון יחידתי יוקר"
20,2,7,6,176.63,115.44,נוף פתוח רב-כיווני,88.0,86.0,100,92.2,"קומה עליונה בבניין נמוך; יחידת פינה/רב-כיוונית | כיוון מערב - פוטנציאל נוף ים; כיוון דרום; 4 כיווני אוויר | יעילות שטח טובה (29.4 מ""ר/חדר); מרפסת/גינה גדולה (65.4%); תכנון יחידתי יוקרתי | מחסן גדול (9"
20,8,7,6,176.63,115.44,נוף פתוח רב-כיווני,88.0,86.0,100,92.2,"קומה עליונה בבניין נמוך; יחידת פינה/רב-כיוונית | כיוון מערב - פוטנציאל נוף ים; כיוון דרום; 4 כיווני אוויר | יעילות שטח טובה (29.4 מ""ר/חדר); מרפסת/גינה גדולה (65.4%); תכנון יחידתי יוקרתי | מחסן גדול (9"
12,9,6,5,141.75,100.07,נוף פתוח רב-כיווני,88.0,86.0,100,92.2,"קומה עליונה בבניין נמוך; יחידת פינה/רב-כיוונית | כיוון מערב - פוטנציאל נוף ים; כיוון דרום; 4 כיווני אוויר | יעילות שטח טובה (28.4 מ""ר/חדר); מרפסת/גינה גדולה (70.6%); תכנון יחידתי יוקרתי | מחסן גדול (1"
12,12,6,5,141.75,100.07,נוף פתוח רב-כיווני,88.0,86.0,100,92.2,"קומה עליונה בבניין נמוך; יחידת פינה/רב-כיוונית | כיוון מערב - פוטנציאל נוף ים; כיוון דרום; 4 כיווני אוויר | יעילות שטח טובה (28.4 מ""ר/חדר); מרפסת/גינה גדולה (70.6%); תכנון יחידתי יוקרתי | מחסן גדול (1"
89,7,19,5,182.68,88.89,נוף פנורמי גבוה (ים/עיר) - מוערך,90.7,82.0,100,91.8,"מגדל 22 קומות; קומה גבוהה במגדל; יחידת פינה/רב-כיוונית | כיוון מערב - פוטנציאל נוף ים; כיוון דרום; 3 כיווני אוויר; גובה מגדל מגביר נוף | שטח מרווח (36.5 מ""ר/חדר); מרפסת/גינה גדולה (48.7%); תכנון יחידת"
20,13,7,6,176.63,115.45,נוף פתוח רב-כיווני,88.0,86.0,100,91.8,"קומה עליונה בבניין נמוך; יחידת פינה/רב-כיוונית | כיוון מערב - פוטנציאל נוף ים; כיוון דרום; 4 כיווני אוויר | יעילות שטח טובה (29.4 מ""ר/חדר); מרפסת/גינה גדולה (65.4%); תכנון יחידתי יוקרתי | מחסן בינוני "
91,14,19,5,182.68,88.89,נוף פנורמי גבוה (ים/עיר) - מוערך,90.7,82.0,100,91.8,"מגדל 22 קומות; קומה גבוהה במגדל; יחידת פינה/רב-כיוונית | כיוון מערב - פוטנציאל נוף ים; כיוון דרום; 3 כיווני אוויר; גובה מגדל מגביר נוף | שטח מרווח (36.5 מ""ר/חדר); מרפסת/גינה גדולה (48.7%); תכנון יחידת"
90,14,19,6,186.47,97.36,נוף פנורמי גבוה (ים/עיר) - מוערך,90.7,86.0,100,91.7,"מגדל 22 קומות; קומה גבוהה במגדל; יחידת פינה/רב-כיוונית | כיוון מערב - פוטנציאל נוף ים; 3 כיווני אוויר; גובה מגדל מגביר נוף | יעילות שטח טובה (31.1 מ""ר/חדר); מרפסת/גינה גדולה (52.2%); תכנון יחידתי יוקר"
20,3,7,5,184.11,126.56,נוף פתוח רב-כיווני,88.0,82.0,100,91.4,"קומה עליונה בבניין נמוך; יחידת פינה/רב-כיוונית | כיוון מערב - פוטנציאל נוף ים; כיוון דרום; 4 כיווני אוויר | שטח מרווח (36.8 מ""ר/חדר); מרפסת/גינה גדולה (68.7%); תכנון יחידתי יוקרתי | מחסן גדול (9.43 מ"""
17,4,6,5,184.11,126.56,נוף פתוח רב-כיווני,88.0,82.0,100,91.4,"קומה עליונה בבניין נמוך; יחידת פינה/רב-כיוונית | כיוון מערב - פוטנציאל נוף ים; כיוון דרום; 4 כיווני אוויר | שטח מרווח (36.8 מ""ר/חדר); מרפסת/גינה גדולה (68.7%); תכנון יחידתי יוקרתי | מחסן גדול (9.96 מ"""
20,5,7,5,184.11,126.56,נוף פתוח רב-כיווני,88.0,82.0,100,91.4,"קומה עליונה בבניין נמוך; יחידת פינה/רב-כיוונית | כיוון מערב - פוטנציאל נוף ים; כיוון דרום; 4 כיווני אוויר | שטח מרווח (36.8 מ""ר/חדר); מרפסת/גינה גדולה (68.7%); תכנון יחידתי יוקרתי | מחסן גדול (9.47 מ"""
20,6,7,5,184.11,126.56,נוף פתוח רב-כיווני,88.0,82.0,100,91.4,"קומה עליונה בבניין נמוך; יחידת פינה/רב-כיוונית | כיוון מערב - פוטנציאל נוף ים; כיוון דרום; 4 כיווני אוויר | שטח מרווח (36.8 מ""ר/חדר); מרפסת/גינה גדולה (68.7%); תכנון יחידתי יוקרתי | מחסן גדול (9.78 מ"""
20,10,7,5,184.11,126.56,נוף פתוח רב-כיווני,88.0,82.0,100,91.4,"קומה עליונה בבניין נמוך; יחידת פינה/רב-כיוונית | כיוון מערב - פוטנציאל נוף ים; כיוון דרום; 4 כיווני אוויר | שטח מרווח (36.8 מ""ר/חדר); מרפסת/גינה גדולה (68.7%); תכנון יחידתי יוקרתי | מחסן גדול (9.51 מ"""
20,11,7,5,184.11,126.56,נוף פתוח רב-כיווני,88.0,82.0,100,91.4,"קומה עליונה בבניין נמוך; יחידת פינה/רב-כיוונית | כיוון מערב - פוטנציאל נוף ים; כיוון דרום; 4 כיווני אוויר | שטח מרווח (36.8 מ""ר/חדר); מרפסת/גינה גדולה (68.7%); תכנון יחידתי יוקרתי | מחסן גדול (9.43 מ"""
12,1,6,6,167.78,121.36,נוף פתוח רב-כיווני,88.0,76.0,100,89.8,"קומה עליונה בבניין נמוך; יחידת פינה/רב-כיוונית | כיוון מערב - פוטנציאל נוף ים; כיוון דרום; 4 כיווני אוויר | יעילות שטח טובה (28.0 מ""ר/חדר); מרפסת/גינה גדולה (72.3%) | מחסן בינוני (8.56 מ""ר); מרפסת/גינ"
1,5,קרקע,5,127.69,264.43,גינה פרטית גדולה,77,83.0,100,89.8,"דירת גן בקומת קרקע; יחידת פינה/רב-כיוונית | כיוון מערב - פוטנציאל נוף ים; כיוון דרום; 3 כיווני אוויר; שטח גינה גדול מאוד | יעילות שטח טובה (25.5 מ""ר/חדר); גינה 264 מ""ר | מחסן גדול (9.7 מ""ר); מרפסת/גינ"
1,8,קרקע,5,142.98,188.99,גינה פרטית גדולה,77,83.0,100,89.8,"דירת גן בקומת קרקע; יחידת פינה/רב-כיוונית | כיוון מערב - פוטנציאל נוף ים; כיוון דרום; 3 כיווני אוויר; שטח גינה גדול מאוד | יעילות שטח טובה (28.6 מ""ר/חדר); גינה 189 מ""ר | מחסן גדול (9.36 מ""ר); מרפסת/גי"
19,2,6,5,142.20,39.50,נוף פתוח רב-כיווני,76.4,90.0,100,89.5,"יחידת פינה/רב-כיוונית | כיוון מערב - פוטנציאל נוף ים; כיוון דרום; 4 כיווני אוויר | יעילות שטח טובה (28.4 מ""ר/חדר); יחס מרפסת 27.8%; תכנון יחידתי יוקרתי | מחסן גדול (9.41 מ""ר); 2 חניות; יחידת שוק חופשי"
18,8,6,5,144.62,39.14,נוף פתוח רב-כיווני,76.4,90.0,100,89.5,"יחידת פינה/רב-כיוונית | כיוון מערב - פוטנציאל נוף ים; כיוון דרום; 4 כיווני אוויר | יעילות שטח טובה (28.9 מ""ר/חדר); יחס מרפסת 27.1%; תכנון יחידתי יוקרתי | מחסן גדול (9.13 מ""ר); 2 חניות; יחידת שוק חופשי"
19,8,6,5,142.20,39.50,נוף פתוח רב-כיווני,76.4,90.0,100,89.5,"יחידת פינה/רב-כיוונית | כיוון מערב - פוטנציאל נוף ים; כיוון דרום; 4 כיווני אוויר | יעילות שטח טובה (28.4 מ""ר/חדר); יחס מרפסת 27.8%; תכנון יחידתי יוקרתי | מחסן גדול (9.15 מ""ר); 2 חניות; יחידת שוק חופשי"
19,13,6,5,142.20,39.50,נוף פתוח רב-כיווני,76.4,90.0,100,89.5,"יחידת פינה/רב-כיוונית | כיוון מערב - פוטנציאל נוף ים; כיוון דרום; 4 כיווני אוויר | יעילות שטח טובה (28.4 מ""ר/חדר); יחס מרפסת 27.8%; תכנון יחידתי יוקרתי | מחסן גדול (9.04 מ""ר); 2 חניות; יחידת שוק חופשי"
2,8,קרקע,5,141.12,213.34,גינה פרטית גדולה,77,83.0,100,89.3,"דירת גן בקומת קרקע; יחידת פינה/רב-כיוונית | כיוון מערב - פוטנציאל נוף ים; כיוון דרום; 3 כיווני אוויר; שטח גינה גדול מאוד | יעילות שטח טובה (28.2 מ""ר/חדר); גינה 213 מ""ר | מחסן גדול (9.57 מ""ר); מרפסת/גי"
2,2,קרקע,5,141.20,100.27,גינה פרטית גדולה,77,83.0,100,87.8,"דירת גן בקומת קרקע; יחידת פינה/רב-כיוונית | כיוון מערב - פוטנציאל נוף ים; כיוון דרום; 3 כיווני אוויר | יעילות שטח טובה (28.2 מ""ר/חדר); גינה 100 מ""ר | מחסן גדול (9.37 מ""ר); מרפסת/גינה יוצאת דופן; 2 חני"
19,11,6,5,155.37,100.78,נוף פתוח רב-כיווני,76.4,86.0,100,87.3,"יחידת פינה/רב-כיוונית | כיוון מערב - פוטנציאל נוף ים; כיוון דרום; 3 כיווני אוויר | יעילות שטח טובה (31.1 מ""ר/חדר); מרפסת/גינה גדולה (64.9%); תכנון יחידתי יוקרתי | מחסן גדול (9.79 מ""ר); מרפסת/גינה יוצא"
16,4,5,5,155.37,100.78,נוף פתוח רב-כיווני,75.8,86.0,100,87.2,"יחידת פינה/רב-כיוונית | כיוון מערב - פוטנציאל נוף ים; כיוון דרום; 3 כיווני אוויר | יעילות שטח טובה (31.1 מ""ר/חדר); מרפסת/גינה גדולה (64.9%); תכנון יחידתי יוקרתי | מחסן גדול (10.17 מ""ר); מרפסת/גינה יוצ"
18,2,6,5,144.62,39.14,נוף פתוח רב-כיווני,76.4,90.0,100,87.0,"יחידת פינה/רב-כיוונית | כיוון מערב - פוטנציאל נוף ים; כיוון דרום; 3 כיווני אוויר | יעילות שטח טובה (28.9 מ""ר/חדר); יחס מרפסת 27.1%; תכנון יחידתי יוקרתי | מחסן גדול (9.43 מ""ר); 2 חניות; יחידת שוק חופשי"
19,3,6,5,155.37,100.78,נוף פתוח רב-כיווני,76.4,86.0,100,86.8,"יחידת פינה/רב-כיוונית | כיוון מערב - פוטנציאל נוף ים; כיוון דרום; 3 כיווני אוויר | יעילות שטח טובה (31.1 מ""ר/חדר); מרפסת/גינה גדולה (64.9%); תכנון יחידתי יוקרתי | מחסן גדול (9.59 מ""ר); מרפסת/גינה יוצא"
19,6,6,5,155.37,100.78,נוף פתוח רב-כיווני,76.4,86.0,100,86.8,"יחידת פינה/רב-כיוונית | כיוון מערב - פוטנציאל נוף ים; כיוון דרום; 3 כיווני אוויר | יעילות שטח טובה (31.1 מ""ר/חדר); מרפסת/גינה גדולה (64.9%); תכנון יחידתי יוקרתי | מחסן גדול (9.93 מ""ר); מרפסת/גינה יוצא"
19,10,6,5,155.37,100.78,נוף פתוח רב-כיווני,76.4,86.0,100,86.8,"יחידת פינה/רב-כיוונית | כיוון מערב - פוטנציאל נוף ים; כיוון דרום; 3 כיווני אוויר | יעילות שטח טובה (31.1 מ""ר/חדר); מרפסת/גינה גדולה (64.9%); תכנון יחידתי יוקרתי | מחסן גדול (9.81 מ""ר); מרפסת/גינה יוצא"
1,9,קרקע,5,140.89,241.63,גינה פרטית גדולה,77,83.0,100,86.4,"דירת גן בקומת קרקע; יחידת פינה/רב-כיוונית | כיוון מערב - פוטנציאל נוף ים; 3 כיווני אוויר; שטח גינה גדול מאוד | יעילות שטח טובה (28.2 מ""ר/חדר); גינה 242 מ""ר | מחסן (6.55 מ""ר); מרפסת/גינה יוצאת דופן; 2 "
1,3,קרקע,5,127.69,137.86,גינה פרטית גדולה,77,83.0,100,86.1,"דירת גן בקומת קרקע; יחידת פינה/רב-כיוונית | כיוון מערב - פוטנציאל נוף ים; 3 כיווני אוויר | יעילות שטח טובה (25.5 מ""ר/חדר); גינה 138 מ""ר | מחסן גדול (9.6 מ""ר); מרפסת/גינה יוצאת דופן; 2 חניות; יחידת שוק"
2,3,קרקע,5,127.48,179.14,גינה פרטית גדולה,72,83.0,100,86.1,"דירת גן בקומת קרקע | כיוון מערב - פוטנציאל נוף ים; כיוון דרום; שטח גינה גדול מאוד | יעילות שטח טובה (25.5 מ""ר/חדר); גינה 179 מ""ר | מחסן גדול (10.11 מ""ר); מרפסת/גינה יוצאת דופן; 2 חניות; יחידת שוק חופש"
2,4,קרקע,5,127.48,268.23,גינה פרטית גדולה,72,83.0,100,86.1,"דירת גן בקומת קרקע | כיוון מערב - פוטנציאל נוף ים; כיוון דרום; שטח גינה גדול מאוד | יעילות שטח טובה (25.5 מ""ר/חדר); גינה 268 מ""ר | מחסן גדול (10.39 מ""ר); מרפסת/גינה יוצאת דופן; 2 חניות; יחידת שוק חופש"
1,6,קרקע,5,127.69,147.67,גינה פרטית גדולה,77,83.0,100,86.1,"דירת גן בקומת קרקע; יחידת פינה/רב-כיוונית | כיוון מערב - פוטנציאל נוף ים; 3 כיווני אוויר | יעילות שטח טובה (25.5 מ""ר/חדר); גינה 148 מ""ר | מחסן גדול (10.21 מ""ר); מרפסת/גינה יוצאת דופן; 2 חניות; יחידת ש"
1,10,קרקע,5,127.69,133.23,גינה פרטית גדולה,77,83.0,100,86.1,"דירת גן בקומת קרקע; יחידת פינה/רב-כיוונית | כיוון מערב - פוטנציאל נוף ים; 3 כיווני אוויר | יעילות שטח טובה (25.5 מ""ר/חדר); גינה 133 מ""ר | מחסן גדול (10.03 מ""ר); מרפסת/גינה יוצאת דופן; 2 חניות; יחידת ש"
2,10,קרקע,5,127.48,253.21,גינה פרטית גדולה,72,83.0,100,86.1,"דירת גן בקומת קרקע | כיוון מערב - פוטנציאל נוף ים; כיוון דרום; שטח גינה גדול מאוד | יעילות שטח טובה (25.5 מ""ר/חדר); גינה 253 מ""ר | מחסן גדול (10.11 מ""ר); מרפסת/גינה יוצאת דופן; 2 חניות; יחידת שוק חופש"
84,7,18,5.5,139.78,23.90,נוף פנורמי גבוה (ים/עיר) - מוערך,83.6,80.0,77.1,85.2,"מגדל 22 קומות; קומה גבוהה במגדל | כיוון מערב - פוטנציאל נוף ים; כיוון דרום; גובה מגדל מגביר נוף | יעילות שטח טובה (25.4 מ""ר/חדר); יחס מרפסת 17.1% | מחסן גדול (9.89 מ""ר); 2 חניות; יחידת שוק חופשי (מפרט"
18,13,6,5,144.62,39.14,נוף פתוח רב-כיווני,76.4,90.0,100,85.2,"יחידת פינה/רב-כיוונית | כיוון מערב - פוטנציאל נוף ים; 3 כיווני אוויר | יעילות שטח טובה (28.9 מ""ר/חדר); יחס מרפסת 27.1%; תכנון יחידתי יוקרתי | מחסן גדול (9.61 מ""ר); 2 חניות; יחידת שוק חופשי (מפרט עשיר "
86,14,18,5.5,139.78,23.91,נוף פנורמי גבוה (ים/עיר) - מוערך,83.6,80.0,77.1,85.2,"מגדל 22 קומות; קומה גבוהה במגדל | כיוון מערב - פוטנציאל נוף ים; כיוון דרום; גובה מגדל מגביר נוף | יעילות שטח טובה (25.4 מ""ר/חדר); יחס מרפסת 17.1% | מחסן גדול (9.94 מ""ר); 2 חניות; יחידת שוק חופשי (מפרט"
1,1,קרקע,6,157.35,203.06,גינה פרטית גדולה,77,83.0,100,85.1,"דירת גן בקומת קרקע; יחידת פינה/רב-כיוונית | כיוון דרום; 3 כיווני אוויר; שטח גינה גדול מאוד | יעילות שטח טובה (26.2 מ""ר/חדר); גינה 203 מ""ר | מחסן גדול (10.42 מ""ר); מרפסת/גינה יוצאת דופן; 2 חניות; יחידת"
1,2,קרקע,5,143.19,161.93,גינה פרטית גדולה,77,83.0,100,85.1,"דירת גן בקומת קרקע; יחידת פינה/רב-כיוונית | כיוון דרום; 3 כיווני אוויר; שטח גינה גדול מאוד | יעילות שטח טובה (28.6 מ""ר/חדר); גינה 162 מ""ר | מחסן גדול (10.44 מ""ר); מרפסת/גינה יוצאת דופן; 2 חניות; יחידת"
1,4,קרקע,5,127.69,264.61,גינה פרטית גדולה,77,83.0,100,85.1,"דירת גן בקומת קרקע; יחידת פינה/רב-כיוונית | כיוון דרום; 3 כיווני אוויר; שטח גינה גדול מאוד | יעילות שטח טובה (25.5 מ""ר/חדר); גינה 265 מ""ר | מחסן גדול (10.41 מ""ר); מרפסת/גינה יוצאת דופן; 2 חניות; יחידת"
11,1,5,5,129.31,24.59,נוף פתוח רב-כיווני,75.8,80.0,100,84.6,"יחידת פינה/רב-כיוונית | כיוון מערב - פוטנציאל נוף ים; כיוון דרום; 3 כיווני אוויר | יעילות שטח טובה (25.9 מ""ר/חדר); יחס מרפסת 19.0% | מחסן גדול (9.02 מ""ר); 2 חניות | נדירות גבוהה (1 יחידות)"
79,7,17,5.5,139.78,23.90,נוף פנורמי גבוה (ים/עיר) - מוערך,81.4,80.0,77.1,84.4,"מגדל 22 קומות; קומה גבוהה במגדל | כיוון מערב - פוטנציאל נוף ים; כיוון דרום; גובה מגדל מגביר נוף | יעילות שטח טובה (25.4 מ""ר/חדר); יחס מרפסת 17.1% | מחסן גדול (9.91 מ""ר); 2 חניות; יחידת שוק חופשי (מפרט"
81,14,17,5.5,139.78,23.91,נוף פנורמי גבוה (ים/עיר) - מוערך,81.4,80.0,77.1,84.4,"מגדל 22 קומות; קומה גבוהה במגדל | כיוון מערב - פוטנציאל נוף ים; כיוון דרום; גובה מגדל מגביר נוף | יעילות שטח טובה (25.4 מ""ר/חדר); יחס מרפסת 17.1% | מחסן גדול (9.94 מ""ר); 2 חניות; יחידת שוק חופשי (מפרט"
1,12,קרקע,5,141.44,230.79,גינה פרטית גדולה,77,83.0,100,83.9,"דירת גן בקומת קרקע; יחידת פינה/רב-כיוונית | כיוון דרום; 3 כיווני אוויר; שטח גינה גדול מאוד | יעילות שטח טובה (28.3 מ""ר/חדר); גינה 231 מ""ר | מחסן (6.4 מ""ר); מרפסת/גינה יוצאת דופן; 2 חניות; יחידת שוק חו"
74,7,16,5.5,139.78,23.90,נוף פנורמי גבוה (ים/עיר) - מוערך,79.3,80.0,77.1,83.6,"מגדל 22 קומות; קומה גבוהה במגדל | כיוון מערב - פוטנציאל נוף ים; כיוון דרום; גובה מגדל מגביר נוף | יעילות שטח טובה (25.4 מ""ר/חדר); יחס מרפסת 17.1% | מחסן גדול (10.05 מ""ר); 2 חניות; יחידת שוק חופשי (מפר"
76,14,16,5.5,139.78,23.91,נוף פנורמי גבוה (ים/עיר) - מוערך,79.3,80.0,77.1,83.6,"מגדל 22 קומות; קומה גבוהה במגדל | כיוון מערב - פוטנציאל נוף ים; כיוון דרום; גובה מגדל מגביר נוף | יעילות שטח טובה (25.4 מ""ר/חדר); יחס מרפסת 17.1% | מחסן גדול (10.02 מ""ר); 2 חניות; יחידת שוק חופשי (מפר"
83,7,18,5.5,142.42,23.94,נוף פנורמי גבוה (ים/עיר) - מוערך,83.6,80.0,77.1,83.4,"מגדל 22 קומות; קומה גבוהה במגדל | כיוון מערב - פוטנציאל נוף ים; גובה מגדל מגביר נוף | יעילות שטח טובה (25.9 מ""ר/חדר); יחס מרפסת 16.8% | מחסן גדול (9.85 מ""ר); 2 חניות; יחידת שוק חופשי (מפרט עשיר מוערך)"
85,14,18,5.5,142.42,23.94,נוף פנורמי גבוה (ים/עיר) - מוערך,83.6,80.0,77.1,83.4,"מגדל 22 קומות; קומה גבוהה במגדל | כיוון מערב - פוטנציאל נוף ים; גובה מגדל מגביר נוף | יעילות שטח טובה (25.9 מ""ר/חדר); יחס מרפסת 16.8% | מחסן גדול (9.92 מ""ר); 2 חניות; יחידת שוק חופשי (מפרט עשיר מוערך)"
54,7,12,5.5,141.04,23.90,נוף ים מוערך,70.7,80.0,100,83.2,"מגדל 22 קומות | כיוון מערב - פוטנציאל נוף ים; כיוון דרום; גובה מגדל מגביר נוף | יעילות שטח טובה (25.6 מ""ר/חדר); יחס מרפסת 16.9% | מחסן גדול (10.04 מ""ר); 2 חניות | נדירות גבוהה (1 יחידות)"
10,12,5,4,113.97,24.71,נוף פתוח רב-כיווני,75.8,80.0,100,83.0,"יחידת פינה/רב-כיוונית | כיוון מערב - פוטנציאל נוף ים; כיוון דרום; 3 כיווני אוויר | יעילות שטח טובה (28.5 מ""ר/חדר); יחס מרפסת 21.7% | מחסן (5.64 מ""ר); 2 חניות | נדירות גבוהה (2 יחידות)"
69,7,15,5.5,139.78,23.90,נוף פנורמי גבוה (ים/עיר) - מוערך,77.1,80.0,77.1,82.9,"מגדל 22 קומות; קומה גבוהה במגדל | כיוון מערב - פוטנציאל נוף ים; כיוון דרום; גובה מגדל מגביר נוף | יעילות שטח טובה (25.4 מ""ר/חדר); יחס מרפסת 17.1% | מחסן גדול (10.06 מ""ר); 2 חניות; יחידת שוק חופשי (מפר"
71,14,15,5.5,139.78,23.91,נוף פנורמי גבוה (ים/עיר) - מוערך,77.1,80.0,77.1,82.9,"מגדל 22 קומות; קומה גבוהה במגדל | כיוון מערב - פוטנציאל נוף ים; כיוון דרום; גובה מגדל מגביר נוף | יעילות שטח טובה (25.4 מ""ר/חדר); יחס מרפסת 17.1% | מחסן גדול (10.29 מ""ר); 2 חניות; יחידת שוק חופשי (מפר"
78,7,17,5.5,142.42,23.94,נוף פנורמי גבוה (ים/עיר) - מוערך,81.4,80.0,77.1,82.7,"מגדל 22 קומות; קומה גבוהה במגדל | כיוון מערב - פוטנציאל נוף ים; גובה מגדל מגביר נוף | יעילות שטח טובה (25.9 מ""ר/חדר); יחס מרפסת 16.8% | מחסן גדול (9.85 מ""ר); 2 חניות; יחידת שוק חופשי (מפרט עשיר מוערך)"
80,14,17,5.5,142.42,23.94,נוף פנורמי גבוה (ים/עיר) - מוערך,81.4,80.0,77.1,82.7,"מגדל 22 קומות; קומה גבוהה במגדל | כיוון מערב - פוטנציאל נוף ים; גובה מגדל מגביר נוף | יעילות שטח טובה (25.9 מ""ר/חדר); יחס מרפסת 16.8% | מחסן גדול (9.6 מ""ר); 2 חניות; יחידת שוק חופשי (מפרט עשיר מוערך) "
19,5,6,5,155.37,100.78,נוף פתוח רב-כיווני,76.4,86.0,100,82.5,"יחידת פינה/רב-כיוונית | כיוון דרום; 3 כיווני אוויר | יעילות שטח טובה (31.1 מ""ר/חדר); מרפסת/גינה גדולה (64.9%); תכנון יחידתי יוקרתי | מחסן גדול (9.68 מ""ר); מרפסת/גינה יוצאת דופן; 2 חניות; יחידת שוק חופ"
15,8,5,5,125.84,21.46,נוף פתוח רב-כיווני,72.9,80.0,100,82.5,"יחידת פינה/רב-כיוונית | כיוון מערב - פוטנציאל נוף ים; כיוון דרום; 3 כיווני אוויר | יעילות שטח טובה (25.2 מ""ר/חדר); יחס מרפסת 17.1% | מחסן בינוני (8.86 מ""ר); 2 חניות | נדירות גבוהה (3 יחידות)"
11,9,5,4,116.70,24.89,נוף פתוח רב-כיווני,75.8,80.0,100,82.5,"יחידת פינה/רב-כיוונית | כיוון מערב - פוטנציאל נוף ים; כיוון דרום; 3 כיווני אוויר | יעילות שטח טובה (29.2 מ""ר/חדר); יחס מרפסת 21.3% | מחסן (6.91 מ""ר); 2 חניות | נדירות גבוהה (2 יחידות)"
16,13,5,5,125.85,21.27,נוף פתוח רב-כיווני,72.9,80.0,100,82.5,"יחידת פינה/רב-כיוונית | כיוון מערב - פוטנציאל נוף ים; כיוון דרום; 3 כיווני אוויר | יעילות שטח טובה (25.2 מ""ר/חדר); יחס מרפסת 16.9% | מחסן בינוני (7.45 מ""ר); 2 חניות | נדירות גבוהה (3 יחידות)"
89,14,18,3,83.90,23.90,נוף פנורמי גבוה (ים/עיר) - מוערך,83.6,80.0,95,82.4,"מגדל 22 קומות; קומה גבוהה במגדל | כיוון דרום; גובה מגדל מגביר נוף | יעילות שטח טובה (28.0 מ""ר/חדר); יחס מרפסת 28.5% | מחסן גדול (9.26 מ""ר); 2 חניות | נדירות גבוהה (2 יחידות); 3 חדרים - נפוץ בפרויקט"
9,1,4,5,129.31,24.59,נוף פתוח רב-כיווני,71.7,80.0,96.0,82.1,"יחידת פינה/רב-כיוונית | כיוון מערב - פוטנציאל נוף ים; כיוון דרום; 3 כיווני אוויר | יעילות שטח טובה (25.9 מ""ר/חדר); יחס מרפסת 19.0% | מחסן בינוני (7.91 מ""ר); 2 חניות | מוגבל (4 יחידות)"
64,7,14,5.5,139.78,23.90,נוף ים מוערך,75.0,80.0,77.1,82.1,"מגדל 22 קומות | כיוון מערב - פוטנציאל נוף ים; כיוון דרום; גובה מגדל מגביר נוף | יעילות שטח טובה (25.4 מ""ר/חדר); יחס מרפסת 17.1% | מחסן גדול (10.72 מ""ר); 2 חניות; יחידת שוק חופשי (מפרט עשיר מוערך) | שכ"
66,14,14,5.5,139.78,23.91,נוף ים מוערך,75.0,80.0,77.1,82.1,"מגדל 22 קומות | כיוון מערב - פוטנציאל נוף ים; כיוון דרום; גובה מגדל מגביר נוף | יעילות שטח טובה (25.4 מ""ר/חדר); יחס מרפסת 17.1% | מחסן גדול (10.4 מ""ר); 2 חניות; יחידת שוק חופשי (מפרט עשיר מוערך) | שכי"
15,2,5,5,125.84,21.46,נוף פתוח רב-כיווני,72.9,80.0,100,82.0,"יחידת פינה/רב-כיוונית | כיוון מערב - פוטנציאל נוף ים; כיוון דרום; 3 כיווני אוויר | יעילות שטח טובה (25.2 מ""ר/חדר); יחס מרפסת 17.1% | מחסן בינוני (8.93 מ""ר); 2 חניות | נדירות גבוהה (3 יחידות)"
16,8,5,5,125.85,21.27,נוף פתוח רב-כיווני,72.9,80.0,100,82.0,"יחידת פינה/רב-כיוונית | כיוון מערב - פוטנציאל נוף ים; כיוון דרום; 3 כיווני אוויר | יעילות שטח טובה (25.2 מ""ר/חדר); יחס מרפסת 16.9% | מחסן בינוני (8.94 מ""ר); 2 חניות | נדירות גבוהה (3 יחידות)"
73,7,16,5.5,142.42,23.94,נוף פנורמי גבוה (ים/עיר) - מוערך,79.3,80.0,77.1,81.9,"מגדל 22 קומות; קומה גבוהה במגדל | כיוון מערב - פוטנציאל נוף ים; גובה מגדל מגביר נוף | יעילות שטח טובה (25.9 מ""ר/חדר); יחס מרפסת 16.8% | מחסן גדול (9.87 מ""ר); 2 חניות; יחידת שוק חופשי (מפרט עשיר מוערך)"
75,14,16,5.5,142.42,23.94,נוף פנורמי גבוה (ים/עיר) - מוערך,79.3,80.0,77.1,81.9,"מגדל 22 קומות; קומה גבוהה במגדל | כיוון מערב - פוטנציאל נוף ים; גובה מגדל מגביר נוף | יעילות שטח טובה (25.9 מ""ר/חדר); יחס מרפסת 16.8% | מחסן גדול (9.92 מ""ר); 2 חניות; יחידת שוק חופשי (מפרט עשיר מוערך)"
87,7,18,3,83.90,23.90,נוף פנורמי גבוה (ים/עיר) - מוערך,83.6,80.0,95,81.5,"מגדל 22 קומות; קומה גבוהה במגדל | כיוון דרום; גובה מגדל מגביר נוף | יעילות שטח טובה (28.0 מ""ר/חדר); יחס מרפסת 28.5% | מחסן בינוני (8.95 מ""ר); 2 חניות | נדירות גבוהה (2 יחידות); 3 חדרים - נפוץ בפרויקט"
2,5,קרקע,5,127.48,251.93,גינה פרטית גדולה,72,83.0,100,81.3,"דירת גן בקומת קרקע | כיוון דרום; שטח גינה גדול מאוד | יעילות שטח טובה (25.5 מ""ר/חדר); גינה 252 מ""ר | מחסן גדול (10.36 מ""ר); מרפסת/גינה יוצאת דופן; 2 חניות; יחידת שוק חופשי (מפרט עשיר מוערך) | נדירות ג"
2,6,קרקע,5,127.48,210.46,גינה פרטית גדולה,72,83.0,100,81.3,"דירת גן בקומת קרקע | כיוון דרום; שטח גינה גדול מאוד | יעילות שטח טובה (25.5 מ""ר/חדר); גינה 210 מ""ר | מחסן גדול (10.21 מ""ר); מרפסת/גינה יוצאת דופן; 2 חניות; יחידת שוק חופשי (מפרט עשיר מוערך) | נדירות ג"
18,5,6,5,125.93,24.27,נוף פתוח רב-כיווני,76.4,80.0,82.0,81.1,"יחידת פינה/רב-כיוונית | כיוון מערב - פוטנציאל נוף ים; כיוון דרום; 3 כיווני אוויר | יעילות שטח טובה (25.2 מ""ר/חדר); יחס מרפסת 19.3% | מחסן בינוני (8.22 מ""ר); 2 חניות | שכיח (18 יחידות)"
68,7,15,5.5,142.42,23.94,נוף פנורמי גבוה (ים/עיר) - מוערך,77.1,80.0,77.1,81.1,"מגדל 22 קומות; קומה גבוהה במגדל | כיוון מערב - פוטנציאל נוף ים; גובה מגדל מגביר נוף | יעילות שטח טובה (25.9 מ""ר/חדר); יחס מרפסת 16.8% | מחסן גדול (9.88 מ""ר); 2 חניות; יחידת שוק חופשי (מפרט עשיר מוערך)"
70,14,15,5.5,142.42,23.94,נוף פנורמי גבוה (ים/עיר) - מוערך,77.1,80.0,77.1,81.1,"מגדל 22 קומות; קומה גבוהה במגדל | כיוון מערב - פוטנציאל נוף ים; גובה מגדל מגביר נוף | יעילות שטח טובה (25.9 מ""ר/חדר); יחס מרפסת 16.8% | מחסן גדול (10.04 מ""ר); 2 חניות; יחידת שוק חופשי (מפרט עשיר מוערך"
53,7,12,5.5,144.26,23.94,נוף ים מוערך,70.7,80.0,91.0,80.9,"מגדל 22 קומות | כיוון מערב - פוטנציאל נוף ים; גובה מגדל מגביר נוף | יעילות שטח טובה (26.2 מ""ר/חדר); יחס מרפסת 16.6% | מחסן גדול (10.0 מ""ר); 2 חניות; יחידת שוק חופשי (מפרט עשיר מוערך) | שכיח (9 יחידות)"
10,9,5,4,113.97,24.71,נוף פתוח רב-כיווני,75.8,80.0,100,80.7,"יחידת פינה/רב-כיוונית | כיוון מערב - פוטנציאל נוף ים; 3 כיווני אוויר | יעילות שטח טובה (28.5 מ""ר/חדר); יחס מרפסת 21.7% | מחסן (6.45 מ""ר); 2 חניות | נדירות גבוהה (2 יחידות)"
17,6,5,3,82.34,20.64,נוף פתוח רב-כיווני,72.9,80.0,81.0,80.6,"יחידת פינה/רב-כיוונית | כיוון מערב - פוטנציאל נוף ים; כיוון דרום; 3 כיווני אוויר | יעילות שטח טובה (27.4 מ""ר/חדר); יחס מרפסת 25.1% | מחסן גדול (9.77 מ""ר); 2 חניות | שכיח (14 יחידות); 3 חדרים - נפוץ בפ"
59,7,13,5.5,139.78,23.90,נוף ים מוערך,72.9,80.0,77.1,80.6,"מגדל 22 קומות | כיוון מערב - פוטנציאל נוף ים; כיוון דרום; גובה מגדל מגביר נוף | יעילות שטח טובה (25.4 מ""ר/חדר); יחס מרפסת 17.1% | מחסן גדול (10.14 מ""ר); 2 חניות | שכיח (23 יחידות)"
61,14,13,5.5,139.78,23.91,נוף ים מוערך,72.9,80.0,77.1,80.6,"מגדל 22 קומות | כיוון מערב - פוטנציאל נוף ים; כיוון דרום; גובה מגדל מגביר נוף | יעילות שטח טובה (25.4 מ""ר/חדר); יחס מרפסת 17.1% | מחסן גדול (10.44 מ""ר); 2 חניות | שכיח (23 יחידות)"
85,7,18,5,125.03,18.41,נוף צפוני/עירוני,83.6,80.0,100,80.5,"מגדל 22 קומות; קומה גבוהה במגדל | גובה מגדל מגביר נוף | יעילות שטח טובה (25.0 מ""ר/חדר); יחס מרפסת 14.7% | מחסן בינוני (8.22 מ""ר); 2 חניות | נדירות גבוהה (1 יחידות)"
7,1,3,5,129.31,24.59,נוף פתוח רב-כיווני,67.5,80.0,96.0,80.3,"יחידת פינה/רב-כיוונית | כיוון מערב - פוטנציאל נוף ים; כיוון דרום; 3 כיווני אוויר | יעילות שטח טובה (25.9 מ""ר/חדר); יחס מרפסת 19.0% | מחסן (6.94 מ""ר); 2 חניות | מוגבל (4 יחידות)"
15,5,5,5,125.93,24.27,נוף פתוח רב-כיווני,72.9,80.0,82.0,80.3,"יחידת פינה/רב-כיוונית | כיוון מערב - פוטנציאל נוף ים; כיוון דרום; 3 כיווני אוויר | יעילות שטח טובה (25.2 מ""ר/חדר); יחס מרפסת 19.3% | מחסן בינוני (7.96 מ""ר); 2 חניות | שכיח (18 יחידות)"
63,7,14,5.5,142.42,23.94,נוף ים מוערך,75.0,80.0,77.1,80.3,"מגדל 22 קומות | כיוון מערב - פוטנציאל נוף ים; גובה מגדל מגביר נוף | יעילות שטח טובה (25.9 מ""ר/חדר); יחס מרפסת 16.8% | מחסן גדול (9.88 מ""ר); 2 חניות; יחידת שוק חופשי (מפרט עשיר מוערך) | שכיח (23 יחידות"
15,13,5,5,125.84,21.46,נוף פתוח רב-כיווני,72.9,80.0,100,80.3,"יחידת פינה/רב-כיוונית | כיוון מערב - פוטנציאל נוף ים; 3 כיווני אוויר | יעילות שטח טובה (25.2 מ""ר/חדר); יחס מרפסת 17.1% | מחסן בינוני (7.05 מ""ר); 2 חניות | נדירות גבוהה (3 יחידות)"
65,14,14,5.5,142.42,23.94,נוף ים מוערך,75.0,80.0,77.1,80.3,"מגדל 22 קומות | כיוון מערב - פוטנציאל נוף ים; גובה מגדל מגביר נוף | יעילות שטח טובה (25.9 מ""ר/חדר); יחס מרפסת 16.8% | מחסן גדול (10.07 מ""ר); 2 חניות; יחידת שוק חופשי (מפרט עשיר מוערך) | שכיח (23 יחידו"
9,9,4,4,116.70,24.89,נוף פתוח רב-כיווני,71.7,80.0,92.0,80.2,"יחידת פינה/רב-כיוונית | כיוון מערב - פוטנציאל נוף ים; כיוון דרום; 3 כיווני אוויר | יעילות שטח טובה (29.2 מ""ר/חדר); יחס מרפסת 21.3% | מחסן (6.51 מ""ר); 2 חניות | מוגבל (8 יחידות)"
8,12,4,4,113.97,24.71,נוף פתוח רב-כיווני,71.7,80.0,92.0,80.1,"יחידת פינה/רב-כיוונית | כיוון מערב - פוטנציאל נוף ים; כיוון דרום; 3 כיווני אוויר | יעילות שטח טובה (28.5 מ""ר/חדר); יחס מרפסת 21.7% | 2 חניות | מוגבל (8 יחידות)"
12,8,4,5,125.84,21.46,נוף פתוח רב-כיווני,69.3,80.0,88.0,79.8,"יחידת פינה/רב-כיוונית | כיוון מערב - פוטנציאל נוף ים; כיוון דרום; 3 כיווני אוויר | יעילות שטח טובה (25.2 מ""ר/חדר); יחס מרפסת 17.1% | מחסן בינוני (8.68 מ""ר); 2 חניות | שכיח (12 יחידות)"
18,10,6,5,125.93,24.27,נוף פתוח רב-כיווני,76.4,80.0,82.0,79.8,"יחידת פינה/רב-כיוונית | כיוון מערב - פוטנציאל נוף ים; 3 כיווני אוויר | יעילות שטח טובה (25.2 מ""ר/חדר); יחס מרפסת 19.3% | מחסן גדול (9.98 מ""ר); 2 חניות | שכיח (18 יחידות)"
56,14,12,5.5,139.78,23.91,נוף ים מוערך,70.7,80.0,77.1,79.8,"מגדל 22 קומות | כיוון מערב - פוטנציאל נוף ים; כיוון דרום; גובה מגדל מגביר נוף | יעילות שטח טובה (25.4 מ""ר/חדר); יחס מרפסת 17.1% | מחסן גדול (12.37 מ""ר); 2 חניות | שכיח (23 יחידות)"
14,6,4,3,82.34,20.64,נוף פתוח רב-כיווני,69.3,80.0,81.0,79.7,"יחידת פינה/רב-כיוונית | כיוון מערב - פוטנציאל נוף ים; כיוון דרום; 3 כיווני אוויר | יעילות שטח טובה (27.4 מ""ר/חדר); יחס מרפסת 25.1% | מחסן גדול (9.4 מ""ר); 2 חניות | שכיח (14 יחידות); 3 חדרים - נפוץ בפר"
87,14,18,4,113.65,18.41,נוף צפוני/עירוני,83.6,80.0,100,79.7,"מגדל 22 קומות; קומה גבוהה במגדל | גובה מגדל מגביר נוף | יעילות שטח טובה (28.4 מ""ר/חדר); יחס מרפסת 16.2% | מחסן (5.69 מ""ר); 2 חניות | נדירות גבוהה (1 יחידות)"
58,7,13,5.5,142.42,23.94,נוף ים מוערך,72.9,80.0,77.1,79.6,"מגדל 22 קומות | כיוון מערב - פוטנציאל נוף ים; גובה מגדל מגביר נוף | יעילות שטח טובה (25.9 מ""ר/חדר); יחס מרפסת 16.8% | מחסן גדול (9.94 מ""ר); 2 חניות; יחידת שוק חופשי (מפרט עשיר מוערך) | שכיח (23 יחידות"
60,14,13,5.5,142.42,23.94,נוף ים מוערך,72.9,80.0,77.1,79.6,"מגדל 22 קומות | כיוון מערב - פוטנציאל נוף ים; גובה מגדל מגביר נוף | יעילות שטח טובה (25.9 מ""ר/חדר); יחס מרפסת 16.8% | מחסן גדול (10.09 מ""ר); 2 חניות; יחידת שוק חופשי (מפרט עשיר מוערך) | שכיח (23 יחידו"
12,5,4,5,125.93,24.27,נוף פתוח רב-כיווני,69.3,80.0,82.0,79.4,"יחידת פינה/רב-כיוונית | כיוון מערב - פוטנציאל נוף ים; כיוון דרום; 3 כיווני אוויר | יעילות שטח טובה (25.2 מ""ר/חדר); יחס מרפסת 19.3% | מחסן בינוני (7.95 מ""ר); 2 חניות | שכיח (18 יחידות)"
9,2,3,5,125.84,21.46,נוף פתוח רב-כיווני,65.7,80.0,88.0,79.3,"יחידת פינה/רב-כיוונית | כיוון מערב - פוטנציאל נוף ים; כיוון דרום; 3 כיווני אוויר | יעילות שטח טובה (25.2 מ""ר/חדר); יחס מרפסת 17.1% | מחסן גדול (9.33 מ""ר); 2 חניות | שכיח (12 יחידות)"
12,2,4,5,125.84,21.46,נוף פתוח רב-כיווני,69.3,80.0,88.0,79.3,"יחידת פינה/רב-כיוונית | כיוון מערב - פוטנציאל נוף ים; כיוון דרום; 3 כיווני אוויר | יעילות שטח טובה (25.2 מ""ר/חדר); יחס מרפסת 17.1% | מחסן בינוני (8.79 מ""ר); 2 חניות | שכיח (12 יחידות)"
49,7,11,5.5,141.28,23.90,נוף ים מוערך,68.6,80.0,90.0,79.3,"מגדל 22 קומות | כיוון מערב - פוטנציאל נוף ים; כיוון דרום | יעילות שטח טובה (25.7 מ""ר/חדר); יחס מרפסת 16.9% | מחסן (6.63 מ""ר); 2 חניות | שכיח (10 יחידות)"
13,8,4,5,125.85,21.27,נוף פתוח רב-כיווני,69.3,80.0,88.0,79.3,"יחידת פינה/רב-כיוונית | כיוון מערב - פוטנציאל נוף ים; כיוון דרום; 3 כיווני אוויר | יעילות שטח טובה (25.2 מ""ר/חדר); יחס מרפסת 16.9% | מחסן בינוני (8.46 מ""ר); 2 חניות | שכיח (12 יחידות)"
5,1,2,5,129.31,24.59,נוף פתוח רב-כיווני,63.3,80.0,96.0,79.2,"יחידת פינה/רב-כיוונית | כיוון מערב - פוטנציאל נוף ים; כיוון דרום; 3 כיווני אוויר | יעילות שטח טובה (25.9 מ""ר/חדר); יחס מרפסת 19.0% | מחסן (6.24 מ""ר); 2 חניות | מוגבל (4 יחידות)"
7,9,3,4,116.70,24.89,נוף פתוח רב-כיווני,67.5,80.0,92.0,79.2,"יחידת פינה/רב-כיוונית | כיוון מערב - פוטנציאל נוף ים; כיוון דרום; 3 כיווני אוויר | יעילות שטח טובה (29.2 מ""ר/חדר); יחס מרפסת 21.3% | מחסן (5.12 מ""ר); 2 חניות | מוגבל (8 יחידות)"
6,12,3,4,113.97,24.71,נוף פתוח רב-כיווני,67.5,80.0,92.0,79.1,"יחידת פינה/רב-כיוונית | כיוון מערב - פוטנציאל נוף ים; כיוון דרום; 3 כיווני אוויר | יעילות שטח טובה (28.5 מ""ר/חדר); יחס מרפסת 21.7% | 2 חניות | מוגבל (8 יחידות)"
13,13,4,5,125.85,21.27,נוף פתוח רב-כיווני,69.3,80.0,88.0,79.1,"יחידת פינה/רב-כיוונית | כיוון מערב - פוטנציאל נוף ים; כיוון דרום; 3 כיווני אוויר | יעילות שטח טובה (25.2 מ""ר/חדר); יחס מרפסת 16.9% | מחסן (6.99 מ""ר); 2 חניות | שכיח (12 יחידות)"
10,1,5,5,128.98,24.22,נוף פתוח רב-כיווני,75.8,80.0,100,79.0,"יחידת פינה/רב-כיוונית | כיוון דרום; 3 כיווני אוויר | יעילות שטח טובה (25.8 מ""ר/חדר); יחס מרפסת 18.8% | מחסן בינוני (8.27 מ""ר); 2 חניות | נדירות גבוהה (1 יחידות)"
18,6,6,5,125.93,24.27,נוף פתוח רב-כיווני,76.4,80.0,83.0,79.0,"יחידת פינה/רב-כיוונית | כיוון מערב - פוטנציאל נוף ים; 3 כיווני אוויר | יעילות שטח טובה (25.2 מ""ר/חדר); יחס מרפסת 19.3% | מחסן בינוני (7.85 מ""ר); 2 חניות | שכיח (17 יחידות)"
18,3,6,5,125.93,24.27,נוף פתוח רב-כיווני,76.4,80.0,82.0,78.9,"יחידת פינה/רב-כיוונית | כיוון מערב - פוטנציאל נוף ים; 3 כיווני אוויר | יעילות שטח טובה (25.2 מ""ר/חדר); יחס מרפסת 19.3% | מחסן בינוני (8.51 מ""ר); 2 חניות | שכיח (18 יחידות)"
9,8,3,5,125.84,21.46,נוף פתוח רב-כיווני,65.7,80.0,88.0,78.9,"יחידת פינה/רב-כיוונית | כיוון מערב - פוטנציאל נוף ים; כיוון דרום; 3 כיווני אוויר | יעילות שטח טובה (25.2 מ""ר/חדר); יחס מרפסת 17.1% | מחסן בינוני (8.27 מ""ר); 2 חניות | שכיח (12 יחידות)"
11,6,3,3,82.34,20.64,נוף פתוח רב-כיווני,65.7,80.0,81.0,78.8,"יחידת פינה/רב-כיוונית | כיוון מערב - פוטנציאל נוף ים; כיוון דרום; 3 כיווני אוויר | יעילות שטח טובה (27.4 מ""ר/חדר); יחס מרפסת 25.1% | מחסן גדול (9.39 מ""ר); 2 חניות | שכיח (14 יחידות); 3 חדרים - נפוץ בפ"
55,14,12,5.5,142.42,23.94,נוף ים מוערך,70.7,80.0,77.1,78.8,"מגדל 22 קומות | כיוון מערב - פוטנציאל נוף ים; גובה מגדל מגביר נוף | יעילות שטח טובה (25.9 מ""ר/חדר); יחס מרפסת 16.8% | מחסן גדול (10.12 מ""ר); 2 חניות; יחידת שוק חופשי (מפרט עשיר מוערך) | שכיח (23 יחידו"
16,2,5,5,125.85,21.27,נוף פתוח רב-כיווני,72.9,80.0,100,78.7,"יחידת פינה/רב-כיוונית | כיוון דרום; 3 כיווני אוויר | יעילות שטח טובה (25.2 מ""ר/חדר); יחס מרפסת 16.9% | מחסן גדול (9.32 מ""ר); 2 חניות | נדירות גבוהה (3 יחידות)"
9,5,3,5,125.93,24.27,נוף פתוח רב-כיווני,65.7,80.0,82.0,78.5,"יחידת פינה/רב-כיוונית | כיוון מערב - פוטנציאל נוף ים; כיוון דרום; 3 כיווני אוויר | יעילות שטח טובה (25.2 מ""ר/חדר); יחס מרפסת 19.3% | מחסן בינוני (7.75 מ""ר); 2 חניות | שכיח (18 יחידות)"
39,7,9,5.5,141.28,23.90,נוף ים מוערך,64.3,80.0,90.0,78.5,"מגדל 22 קומות | כיוון מערב - פוטנציאל נוף ים; כיוון דרום | יעילות שטח טובה (25.7 מ""ר/חדר); יחס מרפסת 16.9% | מחסן בינוני (7.85 מ""ר); 2 חניות | שכיח (10 יחידות)"
44,7,10,5.5,141.28,23.90,נוף ים מוערך,66.4,80.0,90.0,78.5,"מגדל 22 קומות | כיוון מערב - פוטנציאל נוף ים; כיוון דרום | יעילות שטח טובה (25.7 מ""ר/חדר); יחס מרפסת 16.9% | מחסן (6.5 מ""ר); 2 חניות | שכיח (10 יחידות)"
8,9,4,4,113.97,24.71,נוף פתוח רב-כיווני,71.7,80.0,92.0,78.5,"יחידת פינה/רב-כיוונית | כיוון מערב - פוטנציאל נוף ים; 3 כיווני אוויר | יעילות שטח טובה (28.5 מ""ר/חדר); יחס מרפסת 21.7% | מחסן (6.27 מ""ר); 2 חניות | מוגבל (8 יחידות)"
10,8,3,5,125.85,21.27,נוף פתוח רב-כיווני,65.7,80.0,88.0,78.4,"יחידת פינה/רב-כיוונית | כיוון מערב - פוטנציאל נוף ים; כיוון דרום; 3 כיווני אוויר | יעילות שטח טובה (25.2 מ""ר/חדר); יחס מרפסת 16.9% | מחסן בינוני (8.27 מ""ר); 2 חניות | שכיח (12 יחידות)"
38,7,9,5.5,143.86,23.94,נוף ים מוערך,64.3,80.0,100,78.3,"מגדל 22 קומות | כיוון מערב - פוטנציאל נוף ים | יעילות שטח טובה (26.2 מ""ר/חדר); יחס מרפסת 16.6% | מחסן בינוני (7.05 מ""ר); 2 חניות | נדירות גבוהה (2 יחידות)"
43,7,10,5.5,143.86,23.94,נוף ים מוערך,66.4,80.0,100,78.3,"מגדל 22 קומות | כיוון מערב - פוטנציאל נוף ים | יעילות שטח טובה (26.2 מ""ר/חדר); יחס מרפסת 16.6% | מחסן (5.65 מ""ר); 2 חניות | נדירות גבוהה (2 יחידות)"
17,11,5,3,82.34,20.64,נוף פתוח רב-כיווני,72.9,80.0,81.0,78.3,"יחידת פינה/רב-כיוונית | כיוון מערב - פוטנציאל נוף ים; 3 כיווני אוויר | יעילות שטח טובה (27.4 מ""ר/חדר); יחס מרפסת 25.1% | מחסן גדול (9.3 מ""ר); 2 חניות | שכיח (14 יחידות); 3 חדרים - נפוץ בפרויקט"
3,1,1,5,129.31,24.59,נוף פתוח רב-כיווני,59.2,80.0,96.0,78.2,"יחידת פינה/רב-כיוונית | כיוון מערב - פוטנציאל נוף ים; כיוון דרום; 3 כיווני אוויר | יעילות שטח טובה (25.9 מ""ר/חדר); יחס מרפסת 19.0% | מחסן (5.82 מ""ר); 2 חניות | מוגבל (4 יחידות)"
17,5,5,3,82.34,20.64,נוף פתוח רב-כיווני,72.9,80.0,80.0,78.2,"יחידת פינה/רב-כיוונית | כיוון מערב - פוטנציאל נוף ים; 3 כיווני אוויר | יעילות שטח טובה (27.4 מ""ר/חדר); יחס מרפסת 25.1% | מחסן גדול (9.4 מ""ר); 2 חניות | שכיח (15 יחידות); 3 חדרים - נפוץ בפרויקט"
15,6,5,5,125.93,24.27,נוף פתוח רב-כיווני,72.9,80.0,83.0,78.2,"יחידת פינה/רב-כיוונית | כיוון מערב - פוטנציאל נוף ים; 3 כיווני אוויר | יעילות שטח טובה (25.2 מ""ר/חדר); יחס מרפסת 19.3% | מחסן בינוני (7.68 מ""ר); 2 חניות | שכיח (17 יחידות)"
11,12,5,4,116.70,24.89,נוף פתוח רב-כיווני,75.8,80.0,100,78.2,"יחידת פינה/רב-כיוונית | כיוון דרום; 3 כיווני אוויר | יעילות שטח טובה (29.2 מ""ר/חדר); יחס מרפסת 21.3% | מחסן (5.4 מ""ר); 2 חניות | נדירות גבוהה (2 יחידות)"
10,13,3,5,125.85,21.27,נוף פתוח רב-כיווני,65.7,80.0,88.0,78.2,"יחידת פינה/רב-כיוונית | כיוון מערב - פוטנציאל נוף ים; כיוון דרום; 3 כיווני אוויר | יעילות שטח טובה (25.2 מ""ר/חדר); יחס מרפסת 16.9% | מחסן (6.7 מ""ר); 2 חניות | שכיח (12 יחידות)"
46,14,10,5.5,139.78,23.91,נוף ים מוערך,66.4,80.0,77.1,78.2,"מגדל 22 קומות | כיוון מערב - פוטנציאל נוף ים; כיוון דרום | יעילות שטח טובה (25.4 מ""ר/חדר); יחס מרפסת 17.1% | מחסן גדול (9.61 מ""ר); 2 חניות | שכיח (23 יחידות)"
5,9,2,4,116.70,24.89,נוף פתוח רב-כיווני,63.3,80.0,92.0,78.1,"יחידת פינה/רב-כיוונית | כיוון מערב - פוטנציאל נוף ים; כיוון דרום; 3 כיווני אוויר | יעילות שטח טובה (29.2 מ""ר/חדר); יחס מרפסת 21.3% | מחסן (5.85 מ""ר); 2 חניות | מוגבל (8 יחידות)"
51,14,11,5.5,139.78,23.91,נוף ים מוערך,68.6,80.0,77.1,78.1,"מגדל 22 קומות | כיוון מערב - פוטנציאל נוף ים; כיוון דרום | יעילות שטח טובה (25.4 מ""ר/חדר); יחס מרפסת 17.1% | מחסן בינוני (8.46 מ""ר); 2 חניות | שכיח (23 יחידות)"
15,3,5,5,125.93,24.27,נוף פתוח רב-כיווני,72.9,80.0,82.0,78.0,"יחידת פינה/רב-כיוונית | כיוון מערב - פוטנציאל נוף ים; 3 כיווני אוויר | יעילות שטח טובה (25.2 מ""ר/חדר); יחס מרפסת 19.3% | מחסן בינוני (8.49 מ""ר); 2 חניות | שכיח (18 יחידות)"
14,4,4,3,82.34,20.64,נוף פתוח רב-כיווני,71.7,80.0,81.0,78.0,"יחידת פינה/רב-כיוונית | כיוון מערב - פוטנציאל נוף ים; 3 כיווני אוויר | יעילות שטח טובה (27.4 מ""ר/חדר); יחס מרפסת 25.1% | מחסן גדול (9.74 מ""ר); 2 חניות | שכיח (14 יחידות); 3 חדרים - נפוץ בפרויקט"
6,8,2,5,125.84,21.46,נוף פתוח רב-כיווני,62.1,80.0,88.0,78.0,"יחידת פינה/רב-כיוונית | כיוון מערב - פוטנציאל נוף ים; כיוון דרום; 3 כיווני אוויר | יעילות שטח טובה (25.2 מ""ר/חדר); יחס מרפסת 17.1% | מחסן בינוני (8.24 מ""ר); 2 חניות | שכיח (12 יחידות)"
15,10,5,5,125.93,24.27,נוף פתוח רב-כיווני,72.9,80.0,82.0,78.0,"יחידת פינה/רב-כיוונית | כיוון מערב - פוטנציאל נוף ים; 3 כיווני אוויר | יעילות שטח טובה (25.2 מ""ר/חדר); יחס מרפסת 19.3% | מחסן בינוני (8.93 מ""ר); 2 חניות | שכיח (18 יחידות)"
16,11,5,5,127.03,24.29,נוף מערבי (פוטנציאל ים),67.9,80.0,86.0,78.0,"כיוון מערב - פוטנציאל נוף ים; כיוון דרום | יעילות שטח טובה (25.4 מ""ר/חדר); יחס מרפסת 19.1% | מחסן גדול (9.74 מ""ר); 2 חניות | שכיח (14 יחידות)"
4,12,2,4,113.97,24.71,נוף פתוח רב-כיווני,63.3,80.0,92.0,78.0,"יחידת פינה/רב-כיוונית | כיוון מערב - פוטנציאל נוף ים; כיוון דרום; 3 כיווני אוויר | יעילות שטח טובה (28.5 מ""ר/חדר); יחס מרפסת 21.7% | 2 חניות | מוגבל (8 יחידות)"
13,4,4,5,127.03,24.29,נוף מערבי (פוטנציאל ים),66.7,80.0,86.0,77.7,"כיוון מערב - פוטנציאל נוף ים; כיוון דרום | יעילות שטח טובה (25.4 מ""ר/חדר); יחס מרפסת 19.1% | מחסן גדול (9.15 מ""ר); 2 חניות | שכיח (14 יחידות)"
34,7,8,5.5,141.28,23.90,נוף ים מוערך,62.1,80.0,90.0,77.7,"מגדל 22 קומות | כיוון מערב - פוטנציאל נוף ים; כיוון דרום | יעילות שטח טובה (25.7 מ""ר/חדר); יחס מרפסת 16.9% | מחסן בינוני (7.2 מ""ר); 2 חניות | שכיח (10 יחידות)"
48,7,11,5.5,144.26,23.94,נוף ים מוערך,68.6,80.0,91.0,77.7,"מגדל 22 קומות | כיוון מערב - פוטנציאל נוף ים | יעילות שטח טובה (26.2 מ""ר/חדר); יחס מרפסת 16.6% | מחסן (6.12 מ""ר); 2 חניות | שכיח (9 יחידות)"
6,5,2,5,125.93,24.27,נוף פתוח רב-כיווני,62.1,80.0,82.0,77.6,"יחידת פינה/רב-כיוונית | כיוון מערב - פוטנציאל נוף ים; כיוון דרום; 3 כיווני אוויר | יעילות שטח טובה (25.2 מ""ר/חדר); יחס מרפסת 19.3% | מחסן בינוני (7.59 מ""ר); 2 חניות | שכיח (18 יחידות)"
3,2,1,5,125.84,21.46,נוף פתוח רב-כיווני,58.6,80.0,88.0,77.5,"יחידת פינה/רב-כיוונית | כיוון מערב - פוטנציאל נוף ים; כיוון דרום; 3 כיווני אוויר | יעילות שטח טובה (25.2 מ""ר/חדר); יחס מרפסת 17.1% | מחסן גדול (9.12 מ""ר); 2 חניות | שכיח (12 יחידות)"
6,2,2,5,125.84,21.46,נוף פתוח רב-כיווני,62.1,80.0,88.0,77.5,"יחידת פינה/רב-כיוונית | כיוון מערב - פוטנציאל נוף ים; כיוון דרום; 3 כיווני אוויר | יעילות שטח טובה (25.2 מ""ר/חדר); יחס מרפסת 17.1% | מחסן בינוני (8.65 מ""ר); 2 חניות | שכיח (12 יחידות)"
7,8,2,5,125.85,21.27,נוף פתוח רב-כיווני,62.1,80.0,88.0,77.5,"יחידת פינה/רב-כיוונית | כיוון מערב - פוטנציאל נוף ים; כיוון דרום; 3 כיווני אוויר | יעילות שטח טובה (25.2 מ""ר/חדר); יחס מרפסת 16.9% | מחסן בינוני (8.25 מ""ר); 2 חניות | שכיח (12 יחידות)"
18,11,6,5,125.93,24.27,נוף פתוח רב-כיווני,76.4,80.0,83.0,77.5,"יחידת פינה/רב-כיוונית | כיוון דרום; 3 כיווני אוויר | יעילות שטח טובה (25.2 מ""ר/חדר); יחס מרפסת 19.3% | מחסן גדול (9.65 מ""ר); 2 חניות | שכיח (17 יחידות)"
41,14,9,5.5,139.78,23.91,נוף ים מוערך,64.3,80.0,77.1,77.5,"מגדל 22 קומות | כיוון מערב - פוטנציאל נוף ים; כיוון דרום | יעילות שטח טובה (25.4 מ""ר/חדר); יחס מרפסת 17.1% | מחסן גדול (9.64 מ""ר); 2 חניות | שכיח (23 יחידות)"
6,9,3,4,113.97,24.71,נוף פתוח רב-כיווני,67.5,80.0,92.0,77.4,"יחידת פינה/רב-כיוונית | כיוון מערב - פוטנציאל נוף ים; 3 כיווני אוויר | יעילות שטח טובה (28.5 מ""ר/חדר); יחס מרפסת 21.7% | מחסן (5.69 מ""ר); 2 חניות | מוגבל (8 יחידות)"
15,4,5,5,125.93,24.27,נוף פתוח רב-כיווני,75.8,80.0,83.0,77.3,"יחידת פינה/רב-כיוונית | כיוון דרום; 3 כיווני אוויר | יעילות שטח טובה (25.2 מ""ר/חדר); יחס מרפסת 19.3% | מחסן גדול (9.25 מ""ר); 2 חניות | שכיח (17 יחידות)"
14,5,4,3,82.34,20.64,נוף פתוח רב-כיווני,69.3,80.0,80.0,77.3,"יחידת פינה/רב-כיוונית | כיוון מערב - פוטנציאל נוף ים; 3 כיווני אוויר | יעילות שטח טובה (27.4 מ""ר/חדר); יחס מרפסת 25.1% | מחסן גדול (9.15 מ""ר); 2 חניות | שכיח (15 יחידות); 3 חדרים - נפוץ בפרויקט"
12,6,4,5,125.93,24.27,נוף פתוח רב-כיווני,69.3,80.0,83.0,77.3,"יחידת פינה/רב-כיוונית | כיוון מערב - פוטנציאל נוף ים; 3 כיווני אוויר | יעילות שטח טובה (25.2 מ""ר/חדר); יחס מרפסת 19.3% | מחסן בינוני (7.69 מ""ר); 2 חניות | שכיח (17 יחידות)"
80,7,17,5,125.03,18.41,נוף צפוני/עירוני,81.4,80.0,84.0,77.3,"מגדל 22 קומות; קומה גבוהה במגדל | גובה מגדל מגביר נוף | יעילות שטח טובה (25.0 מ""ר/חדר); יחס מרפסת 14.7% | מחסן בינוני (8.27 מ""ר); 2 חניות | שכיח (16 יחידות)"
7,13,2,5,125.85,21.27,נוף פתוח רב-כיווני,62.1,80.0,88.0,77.3,"יחידת פינה/רב-כיוונית | כיוון מערב - פוטנציאל נוף ים; כיוון דרום; 3 כיווני אוויר | יעילות שטח טובה (25.2 מ""ר/חדר); יחס מרפסת 16.9% | מחסן (6.74 מ""ר); 2 חניות | שכיח (12 יחידות)"
12,3,4,5,125.93,24.27,נוף פתוח רב-כיווני,69.3,80.0,82.0,77.1,"יחידת פינה/רב-כיוונית | כיוון מערב - פוטנציאל נוף ים; 3 כיווני אוויר | יעילות שטח טובה (25.2 מ""ר/חדר); יחס מרפסת 19.3% | מחסן בינוני (8.2 מ""ר); 2 חניות | שכיח (18 יחידות)"
3,8,1,5,125.84,21.46,נוף פתוח רב-כיווני,58.6,80.0,88.0,77.1,"יחידת פינה/רב-כיוונית | כיוון מערב - פוטנציאל נוף ים; כיוון דרום; 3 כיווני אוויר | יעילות שטח טובה (25.2 מ""ר/חדר); יחס מרפסת 17.1% | מחסן בינוני (7.68 מ""ר); 2 חניות | שכיח (12 יחידות)"
3,9,1,4,116.70,24.89,נוף פתוח רב-כיווני,59.2,80.0,92.0,77.1,"יחידת פינה/רב-כיוונית | כיוון מערב - פוטנציאל נוף ים; כיוון דרום; 3 כיווני אוויר | יעילות שטח טובה (29.2 מ""ר/חדר); יחס מרפסת 21.3% | מחסן (5.99 מ""ר); 2 חניות | מוגבל (8 יחידות)"
12,10,4,5,125.93,24.27,נוף פתוח רב-כיווני,69.3,80.0,82.0,77.1,"יחידת פינה/רב-כיוונית | כיוון מערב - פוטנציאל נוף ים; 3 כיווני אוויר | יעילות שטח טובה (25.2 מ""ר/חדר); יחס מרפסת 19.3% | מחסן בינוני (8.59 מ""ר); 2 חניות | שכיח (18 יחידות)"
13,11,4,5,127.03,24.29,נוף מערבי (פוטנציאל ים),64.3,80.0,86.0,77.1,"כיוון מערב - פוטנציאל נוף ים; כיוון דרום | יעילות שטח טובה (25.4 מ""ר/חדר); יחס מרפסת 19.1% | מחסן גדול (9.61 מ""ר); 2 חניות | שכיח (14 יחידות)"
16,3,5,5,127.03,24.29,נוף מערבי (פוטנציאל ים),67.9,80.0,85.0,77.0,"כיוון מערב - פוטנציאל נוף ים; כיוון דרום | יעילות שטח טובה (25.4 מ""ר/חדר); יחס מרפסת 19.1% | מחסן בינוני (8.5 מ""ר); 2 חניות | שכיח (15 יחידות)"
11,4,3,3,82.34,20.64,נוף פתוח רב-כיווני,67.5,80.0,81.0,77.0,"יחידת פינה/רב-כיוונית | כיוון מערב - פוטנציאל נוף ים; 3 כיווני אוויר | יעילות שטח טובה (27.4 מ""ר/חדר); יחס מרפסת 25.1% | מחסן גדול (9.93 מ""ר); 2 חניות | שכיח (14 יחידות); 3 חדרים - נפוץ בפרויקט"
8,6,2,3,82.34,20.64,נוף פתוח רב-כיווני,62.1,80.0,81.0,77.0,"יחידת פינה/רב-כיוונית | כיוון מערב - פוטנציאל נוף ים; כיוון דרום; 3 כיווני אוויר | יעילות שטח טובה (27.4 מ""ר/חדר); יחס מרפסת 25.1% | מחסן בינוני (8.82 מ""ר); 2 חניות | שכיח (14 יחידות); 3 חדרים - נפוץ "
29,7,7,5.5,141.28,23.90,נוף מערבי (פוטנציאל ים),60.0,80.0,90.0,77.0,"מגדל 22 קומות | כיוון מערב - פוטנציאל נוף ים; כיוון דרום | יעילות שטח טובה (25.7 מ""ר/חדר); יחס מרפסת 16.9% | מחסן בינוני (7.37 מ""ר); 2 חניות | שכיח (10 יחידות)"
16,10,5,5,127.03,24.29,נוף מערבי (פוטנציאל ים),67.9,80.0,85.0,77.0,"כיוון מערב - פוטנציאל נוף ים; כיוון דרום | יעילות שטח טובה (25.4 מ""ר/חדר); יחס מרפסת 19.1% | מחסן בינוני (8.93 מ""ר); 2 חניות | שכיח (15 יחידות)"
12,13,4,5,125.84,21.46,נוף פתוח רב-כיווני,69.3,80.0,88.0,76.8,"יחידת פינה/רב-כיוונית | כיוון מערב - פוטנציאל נוף ים; 3 כיווני אוויר | יעילות שטח טובה (25.2 מ""ר/חדר); יחס מרפסת 17.1% | מחסן (6.91 מ""ר); 2 חניות | שכיח (12 יחידות)"
3,5,1,5,125.93,24.27,נוף פתוח רב-כיווני,58.6,80.0,82.0,76.7,"יחידת פינה/רב-כיוונית | כיוון מערב - פוטנציאל נוף ים; כיוון דרום; 3 כיווני אוויר | יעילות שטח טובה (25.2 מ""ר/חדר); יחס מרפסת 19.3% | מחסן בינוני (7.57 מ""ר); 2 חניות | שכיח (18 יחידות)"
82,7,17,3,83.90,23.90,נוף פנורמי גבוה (ים/עיר) - מוערך,81.4,80.0,62.1,76.7,"מגדל 22 קומות; קומה גבוהה במגדל | כיוון דרום; גובה מגדל מגביר נוף | יעילות שטח טובה (28.0 מ""ר/חדר); יחס מרפסת 28.5% | מחסן גדול (9.0 מ""ר); 2 חניות | שכיח (33 יחידות); 3 חדרים - נפוץ בפרויקט"
36,14,8,5.5,139.78,23.91,נוף ים מוערך,62.1,80.0,77.1,76.7,"מגדל 22 קומות | כיוון מערב - פוטנציאל נוף ים; כיוון דרום | יעילות שטח טובה (25.4 מ""ר/חדר); יחס מרפסת 17.1% | מחסן גדול (9.66 מ""ר); 2 חניות | שכיח (23 יחידות)"
84,14,17,3,83.90,23.90,נוף פנורמי גבוה (ים/עיר) - מוערך,81.4,80.0,62.1,76.7,"מגדל 22 קומות; קומה גבוהה במגדל | כיוון דרום; גובה מגדל מגביר נוף | יעילות שטח טובה (28.0 מ""ר/חדר); יחס מרפסת 28.5% | מחסן גדול (9.18 מ""ר); 2 חניות | שכיח (33 יחידות); 3 חדרים - נפוץ בפרויקט"
8,1,4,5,128.98,24.22,נוף פתוח רב-כיווני,71.7,80.0,96.0,76.6,"יחידת פינה/רב-כיוונית | כיוון דרום; 3 כיווני אוויר | יעילות שטח טובה (25.8 מ""ר/חדר); יחס מרפסת 18.8% | מחסן (6.57 מ""ר); 2 חניות | מוגבל (4 יחידות)"
15,11,5,5,125.93,24.27,נוף פתוח רב-כיווני,72.9,80.0,83.0,76.6,"יחידת פינה/רב-כיוונית | כיוון דרום; 3 כיווני אוויר | יעילות שטח טובה (25.2 מ""ר/חדר); יחס מרפסת 19.3% | מחסן גדול (9.76 מ""ר); 2 חניות | שכיח (17 יחידות)"
75,7,16,5,125.03,18.41,נוף צפוני/עירוני,79.3,80.0,84.0,76.5,"מגדל 22 קומות; קומה גבוהה במגדל | גובה מגדל מגביר נוף | יעילות שטח טובה (25.0 מ""ר/חדר); יחס מרפסת 14.7% | מחסן בינוני (8.33 מ""ר); 2 חניות | שכיח (16 יחידות)"
14,11,4,3,82.34,20.64,נוף פתוח רב-כיווני,69.3,80.0,81.0,76.5,"יחידת פינה/רב-כיוונית | כיוון מערב - פוטנציאל נוף ים; 3 כיווני אוויר | יעילות שטח טובה (27.4 מ""ר/חדר); יחס מרפסת 25.1% | מחסן בינוני (8.94 מ""ר); 2 חניות | שכיח (14 יחידות); 3 חדרים - נפוץ בפרויקט"
82,14,17,4,113.65,18.41,נוף צפוני/עירוני,81.4,80.0,84.0,76.5,"מגדל 22 קומות; קומה גבוהה במגדל | גובה מגדל מגביר נוף | יעילות שטח טובה (28.4 מ""ר/חדר); יחס מרפסת 16.2% | מחסן (5.69 מ""ר); 2 חניות | שכיח (16 יחידות)"
11,5,3,3,82.34,20.64,נוף פתוח רב-כיווני,65.7,80.0,80.0,76.4,"יחידת פינה/רב-כיוונית | כיוון מערב - פוטנציאל נוף ים; 3 כיווני אוויר | יעילות שטח טובה (27.4 מ""ר/חדר); יחס מרפסת 25.1% | מחסן גדול (9.05 מ""ר); 2 חניות | שכיח (15 יחידות); 3 חדרים - נפוץ בפרויקט"
9,6,3,5,125.93,24.27,נוף פתוח רב-כיווני,65.7,80.0,83.0,76.4,"יחידת פינה/רב-כיוונית | כיוון מערב - פוטנציאל נוף ים; 3 כיווני אוויר | יעילות שטח טובה (25.2 מ""ר/חדר); יחס מרפסת 19.3% | מחסן בינוני (7.47 מ""ר); 2 חניות | שכיח (17 יחידות)"
4,9,2,4,113.97,24.71,נוף פתוח רב-כיווני,63.3,80.0,92.0,76.4,"יחידת פינה/רב-כיוונית | כיוון מערב - פוטנציאל נוף ים; 3 כיווני אוויר | יעילות שטח טובה (28.5 מ""ר/חדר); יחס מרפסת 21.7% | מחסן (5.68 מ""ר); 2 חניות | מוגבל (8 יחידות)"
4,13,1,5,125.85,21.27,נוף פתוח רב-כיווני,58.6,80.0,88.0,76.4,"יחידת פינה/רב-כיוונית | כיוון מערב - פוטנציאל נוף ים; כיוון דרום; 3 כיווני אוויר | יעילות שטח טובה (25.2 מ""ר/חדר); יחס מרפסת 16.9% | מחסן (6.59 מ""ר); 2 חניות | שכיח (12 יחידות)"
50,14,11,5.5,142.42,23.94,נוף ים מוערך,68.6,80.0,77.1,76.4,"מגדל 22 קומות | כיוון מערב - פוטנציאל נוף ים | יעילות שטח טובה (25.9 מ""ר/חדר); יחס מרפסת 16.8% | מחסן בינוני (7.5 מ""ר); 2 חניות | שכיח (23 יחידות)"
12,4,4,5,125.93,24.27,נוף פתוח רב-כיווני,71.7,80.0,83.0,76.3,"יחידת פינה/רב-כיוונית | כיוון דרום; 3 כיווני אוויר | יעילות שטח טובה (25.2 מ""ר/חדר); יחס מרפסת 19.3% | מחסן גדול (9.23 מ""ר); 2 חניות | שכיח (17 יחידות)"
9,3,3,5,125.93,24.27,נוף פתוח רב-כיווני,65.7,80.0,82.0,76.2,"יחידת פינה/רב-כיוונית | כיוון מערב - פוטנציאל נוף ים; 3 כיווני אוויר | יעילות שטח טובה (25.2 מ""ר/חדר); יחס מרפסת 19.3% | מחסן בינוני (7.99 מ""ר); 2 חניות | שכיח (18 יחידות)"
24,7,6,5.5,141.28,23.90,נוף מערבי (פוטנציאל ים),57.9,80.0,90.0,76.2,"מגדל 22 קומות | כיוון מערב - פוטנציאל נוף ים; כיוון דרום | יעילות שטח טובה (25.7 מ""ר/חדר); יחס מרפסת 16.9% | מחסן בינוני (7.87 מ""ר); 2 חניות | שכיח (10 יחידות)"
9,10,3,5,125.93,24.27,נוף פתוח רב-כיווני,65.7,80.0,82.0,76.2,"יחידת פינה/רב-כיוונית | כיוון מערב - פוטנציאל נוף ים; 3 כיווני אוויר | יעילות שטח טובה (25.2 מ""ר/חדר); יחס מרפסת 19.3% | מחסן בינוני (8.45 מ""ר); 2 חניות | שכיח (18 יחידות)"
10,11,3,5,127.03,24.29,נוף מערבי (פוטנציאל ים),60.7,80.0,86.0,76.2,"כיוון מערב - פוטנציאל נוף ים; כיוון דרום | יעילות שטח טובה (25.4 מ""ר/חדר); יחס מרפסת 19.1% | מחסן גדול (9.24 מ""ר); 2 חניות | שכיח (14 יחידות)"
2,12,1,4,113.97,24.71,נוף פתוח רב-כיווני,56.2,80.0,92.0,76.2,"יחידת פינה/רב-כיוונית; קרבה אפשרית ללובי/מעלית | כיוון מערב - פוטנציאל נוף ים; כיוון דרום; 3 כיווני אוויר | יעילות שטח טובה (28.5 מ""ר/חדר); יחס מרפסת 21.7% | 2 חניות | מוגבל (8 יחידות)"
13,3,4,5,127.03,24.29,נוף מערבי (פוטנציאל ים),64.3,80.0,85.0,76.1,"כיוון מערב - פוטנציאל נוף ים; כיוון דרום | יעילות שטח טובה (25.4 מ""ר/חדר); יחס מרפסת 19.1% | מחסן בינוני (8.46 מ""ר); 2 חניות | שכיח (15 יחידות)"
5,6,1,3,82.34,20.64,נוף פתוח רב-כיווני,58.6,80.0,81.0,76.1,"יחידת פינה/רב-כיוונית | כיוון מערב - פוטנציאל נוף ים; כיוון דרום; 3 כיווני אוויר | יעילות שטח טובה (27.4 מ""ר/חדר); יחס מרפסת 25.1% | מחסן בינוני (8.19 מ""ר); 2 חניות | שכיח (14 יחידות); 3 חדרים - נפוץ "
33,7,8,5.5,144.26,23.94,נוף ים מוערך,62.1,80.0,91.0,76.1,"מגדל 22 קומות | כיוון מערב - פוטנציאל נוף ים | יעילות שטח טובה (26.2 מ""ר/חדר); יחס מרפסת 16.6% | מחסן בינוני (7.15 מ""ר); 2 חניות | שכיח (9 יחידות)"
13,10,4,5,127.03,24.29,נוף מערבי (פוטנציאל ים),64.3,80.0,85.0,76.1,"כיוון מערב - פוטנציאל נוף ים; כיוון דרום | יעילות שטח טובה (25.4 מ""ר/חדר); יחס מרפסת 19.1% | מחסן בינוני (8.5 מ""ר); 2 חניות | שכיח (15 יחידות)"
13,2,4,5,125.85,21.27,נוף פתוח רב-כיווני,69.3,80.0,88.0,76.0,"יחידת פינה/רב-כיוונית | כיוון דרום; 3 כיווני אוויר | יעילות שטח טובה (25.2 מ""ר/חדר); יחס מרפסת 16.9% | מחסן גדול (9.79 מ""ר); 2 חניות | שכיח (12 יחידות)"
9,12,4,4,116.70,24.89,נוף פתוח רב-כיווני,71.7,80.0,92.0,76.0,"יחידת פינה/רב-כיוונית | כיוון דרום; 3 כיווני אוויר | יעילות שטח טובה (29.2 מ""ר/חדר); יחס מרפסת 21.3% | מחסן (6.2 מ""ר); 2 חניות | מוגבל (8 יחידות)"
2,13,קרקע+ מרתף,5,195.06,48.49,נוף פתוח רב-כיווני,45,76.0,100,76.0,"קרקע+מרתף; יחידת פינה/רב-כיוונית | כיוון מערב - פוטנציאל נוף ים; כיוון דרום; 3 כיווני אוויר | שטח מרווח (39.0 מ""ר/חדר); יחס מרפסת 24.9% | מחסן בינוני (7.14 מ""ר); 2 חניות; יחידת שוק חופשי (מפרט עשיר מו"
8,4,2,3,82.34,20.64,נוף פתוח רב-כיווני,63.3,80.0,81.0,75.9,"יחידת פינה/רב-כיוונית | כיוון מערב - פוטנציאל נוף ים; 3 כיווני אוויר | יעילות שטח טובה (27.4 מ""ר/חדר); יחס מרפסת 25.1% | מחסן גדול (9.65 מ""ר); 2 חניות | שכיח (14 יחידות); 3 חדרים - נפוץ בפרויקט"
77,7,16,3,83.90,23.90,נוף פנורמי גבוה (ים/עיר) - מוערך,79.3,80.0,62.1,75.9,"מגדל 22 קומות; קומה גבוהה במגדל | כיוון דרום; גובה מגדל מגביר נוף | יעילות שטח טובה (28.0 מ""ר/חדר); יחס מרפסת 28.5% | מחסן גדול (9.12 מ""ר); 2 חניות | שכיח (33 יחידות); 3 חדרים - נפוץ בפרויקט"
4,8,1,5,125.85,21.27,נוף פתוח רב-כיווני,58.6,80.0,88.0,75.9,"יחידת פינה/רב-כיוונית | כיוון מערב - פוטנציאל נוף ים; כיוון דרום; 3 כיווני אוויר | יעילות שטח טובה (25.2 מ""ר/חדר); יחס מרפסת 16.9% | מחסן (6.52 מ""ר); 2 חניות | שכיח (12 יחידות)"
9,13,3,5,125.84,21.46,נוף פתוח רב-כיווני,65.7,80.0,88.0,75.9,"יחידת פינה/רב-כיוונית | כיוון מערב - פוטנציאל נוף ים; 3 כיווני אוויר | יעילות שטח טובה (25.2 מ""ר/חדר); יחס מרפסת 17.1% | מחסן (6.7 מ""ר); 2 חניות | שכיח (12 יחידות)"
31,14,7,5.5,139.78,23.91,נוף מערבי (פוטנציאל ים),60.0,80.0,77.1,75.9,"מגדל 22 קומות | כיוון מערב - פוטנציאל נוף ים; כיוון דרום | יעילות שטח טובה (25.4 מ""ר/חדר); יחס מרפסת 17.1% | מחסן גדול (9.66 מ""ר); 2 חניות | שכיח (23 יחידות)"
79,14,16,3,83.90,23.90,נוף פנורמי גבוה (ים/עיר) - מוערך,79.3,80.0,62.1,75.9,"מגדל 22 קומות; קומה גבוהה במגדל | כיוון דרום; גובה מגדל מגביר נוף | יעילות שטח טובה (28.0 מ""ר/חדר); יחס מרפסת 28.5% | מחסן גדול (9.15 מ""ר); 2 חניות | שכיח (33 יחידות); 3 חדרים - נפוץ בפרויקט"
10,4,3,5,127.03,24.29,נוף מערבי (פוטנציאל ים),62.5,80.0,86.0,75.8,"כיוון מערב - פוטנציאל נוף ים; כיוון דרום | יעילות שטח טובה (25.4 מ""ר/חדר); יחס מרפסת 19.1% | מחסן בינוני (8.97 מ""ר); 2 חניות | שכיח (14 יחידות)"
77,14,16,4,113.65,18.41,נוף צפוני/עירוני,79.3,80.0,84.0,75.8,"מגדל 22 קומות; קומה גבוהה במגדל | גובה מגדל מגביר נוף | יעילות שטח טובה (28.4 מ""ר/חדר); יחס מרפסת 16.2% | מחסן (5.69 מ""ר); 2 חניות | שכיח (16 יחידות)"
17,3,5,3,82.34,20.64,נוף פתוח רב-כיווני,72.9,80.0,80.0,75.7,"יחידת פינה/רב-כיוונית | כיוון דרום; 3 כיווני אוויר | יעילות שטח טובה (27.4 מ""ר/חדר); יחס מרפסת 25.1% | מחסן גדול (9.09 מ""ר); 2 חניות | שכיח (15 יחידות); 3 חדרים - נפוץ בפרויקט"
70,7,15,5,125.03,18.41,נוף צפוני/עירוני,77.1,80.0,84.0,75.7,"מגדל 22 קומות; קומה גבוהה במגדל | גובה מגדל מגביר נוף | יעילות שטח טובה (25.0 מ""ר/חדר); יחס מרפסת 14.7% | מחסן בינוני (8.37 מ""ר); 2 חניות | שכיח (16 יחידות)"
12,11,4,5,125.93,24.27,נוף פתוח רב-כיווני,69.3,80.0,83.0,75.7,"יחידת פינה/רב-כיוונית | כיוון דרום; 3 כיווני אוויר | יעילות שטח טובה (25.2 מ""ר/חדר); יחס מרפסת 19.3% | מחסן גדול (9.39 מ""ר); 2 חניות | שכיח (17 יחידות)"
11,11,3,3,82.34,20.64,נוף פתוח רב-כיווני,65.7,80.0,81.0,75.6,"יחידת פינה/רב-כיוונית | כיוון מערב - פוטנציאל נוף ים; 3 כיווני אוויר | יעילות שטח טובה (27.4 מ""ר/חדר); יחס מרפסת 25.1% | מחסן בינוני (8.71 מ""ר); 2 חניות | שכיח (14 יחידות); 3 חדרים - נפוץ בפרויקט"
45,14,10,5.5,142.42,23.94,נוף ים מוערך,66.4,80.0,77.1,75.6,"מגדל 22 קומות | כיוון מערב - פוטנציאל נוף ים | יעילות שטח טובה (25.9 מ""ר/חדר); יחס מרפסת 16.8% | מחסן בינוני (8.07 מ""ר); 2 חניות | שכיח (23 יחידות)"
6,1,3,5,128.98,24.22,נוף פתוח רב-כיווני,67.5,80.0,96.0,75.5,"יחידת פינה/רב-כיוונית | כיוון דרום; 3 כיווני אוויר | יעילות שטח טובה (25.8 מ""ר/חדר); יחס מרפסת 18.8% | מחסן (5.88 מ""ר); 2 חניות | מוגבל (4 יחידות)"
17,2,5,3,80.00,17.98,נוף מערבי (פוטנציאל ים),67.9,80.0,95,75.5,"כיוון מערב - פוטנציאל נוף ים | יעילות שטח טובה (26.7 מ""ר/חדר); יחס מרפסת 22.5% | מחסן בינוני (7.54 מ""ר); 2 חניות | נדירות גבוהה (3 יחידות); 3 חדרים - נפוץ בפרויקט"
6,6,2,5,125.93,24.27,נוף פתוח רב-כיווני,62.1,80.0,83.0,75.5,"יחידת פינה/רב-כיוונית | כיוון מערב - פוטנציאל נוף ים; 3 כיווני אוויר | יעילות שטח טובה (25.2 מ""ר/חדר); יחס מרפסת 19.3% | מחסן בינוני (7.47 מ""ר); 2 חניות | שכיח (17 יחידות)"
19,7,5,5.5,141.28,23.90,נוף מערבי (פוטנציאל ים),55.7,80.0,90.0,75.4,"מגדל 22 קומות | כיוון מערב - פוטנציאל נוף ים; כיוון דרום | יעילות שטח טובה (25.7 מ""ר/חדר); יחס מרפסת 16.9% | מחסן בינוני (7.98 מ""ר); 2 חניות | שכיח (10 יחידות)"
28,7,7,5.5,144.26,23.94,נוף מערבי (פוטנציאל ים),60.0,80.0,91.0,75.4,"מגדל 22 קומות | כיוון מערב - פוטנציאל נוף ים | יעילות שטח טובה (26.2 מ""ר/חדר); יחס מרפסת 16.6% | מחסן בינוני (7.21 מ""ר); 2 חניות | שכיח (9 יחידות)"
3,3,1,5,125.93,24.27,נוף פתוח רב-כיווני,58.6,80.0,82.0,75.3,"יחידת פינה/רב-כיוונית | כיוון מערב - פוטנציאל נוף ים; 3 כיווני אוויר | יעילות שטח טובה (25.2 מ""ר/חדר); יחס מרפסת 19.3% | מחסן גדול (9.04 מ""ר); 2 חניות | שכיח (18 יחידות)"
6,10,2,5,125.93,24.27,נוף פתוח רב-כיווני,62.1,80.0,82.0,75.3,"יחידת פינה/רב-כיוונית | כיוון מערב - פוטנציאל נוף ים; 3 כיווני אוויר | יעילות שטח טובה (25.2 מ""ר/חדר); יחס מרפסת 19.3% | מחסן בינוני (8.36 מ""ר); 2 חניות | שכיח (18 יחידות)"
7,11,2,5,127.03,24.29,נוף מערבי (פוטנציאל ים),57.1,80.0,86.0,75.3,"כיוון מערב - פוטנציאל נוף ים; כיוון דרום | יעילות שטח טובה (25.4 מ""ר/חדר); יחס מרפסת 19.1% | מחסן גדול (9.16 מ""ר); 2 חניות | שכיח (14 יחידות)"
10,3,3,5,127.03,24.29,נוף מערבי (פוטנציאל ים),60.7,80.0,85.0,75.2,"כיוון מערב - פוטנציאל נוף ים; כיוון דרום | יעילות שטח טובה (25.4 מ""ר/חדר); יחס מרפסת 19.1% | מחסן בינוני (8.08 מ""ר); 2 חניות | שכיח (15 יחידות)"
9,4,3,5,125.93,24.27,נוף פתוח רב-כיווני,67.5,80.0,83.0,75.2,"יחידת פינה/רב-כיוונית | כיוון דרום; 3 כיווני אוויר | יעילות שטח טובה (25.2 מ""ר/חדר); יחס מרפסת 19.3% | מחסן גדול (9.08 מ""ר); 2 חניות | שכיח (17 יחידות)"
10,10,3,5,127.03,24.29,נוף מערבי (פוטנציאל ים),60.7,80.0,85.0,75.2,"כיוון מערב - פוטנציאל נוף ים; כיוון דרום | יעילות שטח טובה (25.4 מ""ר/חדר); יחס מרפסת 19.1% | מחסן בינוני (8.36 מ""ר); 2 חניות | שכיח (15 יחידות)"
26,14,6,5.5,139.78,23.91,נוף מערבי (פוטנציאל ים),57.9,80.0,77.1,75.2,"מגדל 22 קומות | כיוון מערב - פוטנציאל נוף ים; כיוון דרום | יעילות שטח טובה (25.4 מ""ר/חדר); יחס מרפסת 17.1% | מחסן גדול (9.69 מ""ר); 2 חניות | שכיח (23 יחידות)"
72,7,15,3,83.90,23.90,נוף פנורמי גבוה (ים/עיר) - מוערך,77.1,80.0,62.1,75.1,"מגדל 22 קומות; קומה גבוהה במגדל | כיוון דרום; גובה מגדל מגביר נוף | יעילות שטח טובה (28.0 מ""ר/חדר); יחס מרפסת 28.5% | מחסן גדול (9.18 מ""ר); 2 חניות | שכיח (33 יחידות); 3 חדרים - נפוץ בפרויקט"
65,7,14,5,125.03,18.41,נוף צפוני/עירוני,75.0,80.0,84.0,75.0,"מגדל 22 קומות | גובה מגדל מגביר נוף | יעילות שטח טובה (25.0 מ""ר/חדר); יחס מרפסת 14.7% | מחסן בינוני (8.58 מ""ר); 2 חניות | שכיח (16 יחידות)"
6,13,2,5,125.84,21.46,נוף פתוח רב-כיווני,62.1,80.0,88.0,75.0,"יחידת פינה/רב-כיוונית | כיוון מערב - פוטנציאל נוף ים; 3 כיווני אוויר | יעילות שטח טובה (25.2 מ""ר/חדר); יחס מרפסת 17.1% | מחסן (6.65 מ""ר); 2 חניות | שכיח (12 יחידות)"
72,14,15,4,113.65,18.41,נוף צפוני/עירוני,77.1,80.0,84.0,75.0,"מגדל 22 קומות; קומה גבוהה במגדל | גובה מגדל מגביר נוף | יעילות שטח טובה (28.4 מ""ר/חדר); יחס מרפסת 16.2% | מחסן (5.69 מ""ר); 2 חניות | שכיח (16 יחידות)"
5,4,1,3,82.34,20.64,נוף פתוח רב-כיווני,59.2,80.0,81.0,74.9,"יחידת פינה/רב-כיוונית | כיוון מערב - פוטנציאל נוף ים; 3 כיווני אוויר | יעילות שטח טובה (27.4 מ""ר/חדר); יחס מרפסת 25.1% | מחסן גדול (9.6 מ""ר); 2 חניות | שכיח (14 יחידות); 3 חדרים - נפוץ בפרויקט"
7,12,3,4,116.70,24.89,נוף פתוח רב-כיווני,67.5,80.0,92.0,74.9,"יחידת פינה/רב-כיוונית | כיוון דרום; 3 כיווני אוויר | יעילות שטח טובה (29.2 מ""ר/חדר); יחס מרפסת 21.3% | מחסן (5.16 מ""ר); 2 חניות | מוגבל (8 יחידות)"
14,3,4,3,82.34,20.64,נוף פתוח רב-כיווני,69.3,80.0,80.0,74.8,"יחידת פינה/רב-כיוונית | כיוון דרום; 3 כיווני אוויר | יעילות שטח טובה (27.4 מ""ר/חדר); יחס מרפסת 25.1% | מחסן גדול (9.07 מ""ר); 2 חניות | שכיח (15 יחידות); 3 חדרים - נפוץ בפרויקט"
9,11,3,5,125.93,24.27,נוף פתוח רב-כיווני,65.7,80.0,83.0,74.8,"יחידת פינה/רב-כיוונית | כיוון דרום; 3 כיווני אוויר | יעילות שטח טובה (25.2 מ""ר/חדר); יחס מרפסת 19.3% | מחסן גדול (9.32 מ""ר); 2 חניות | שכיח (17 יחידות)"
40,14,9,5.5,142.42,23.94,נוף ים מוערך,64.3,80.0,77.1,74.8,"מגדל 22 קומות | כיוון מערב - פוטנציאל נוף ים | יעילות שטח טובה (25.9 מ""ר/חדר); יחס מרפסת 16.8% | מחסן בינוני (8.21 מ""ר); 2 חניות | שכיח (23 יחידות)"
7,4,2,5,127.03,24.29,נוף מערבי (פוטנציאל ים),58.3,80.0,86.0,74.7,"כיוון מערב - פוטנציאל נוף ים; כיוון דרום | יעילות שטח טובה (25.4 מ""ר/חדר); יחס מרפסת 19.1% | מחסן בינוני (8.71 מ""ר); 2 חניות | שכיח (14 יחידות)"
14,7,4,5.5,141.28,23.90,נוף מערבי (פוטנציאל ים),53.6,80.0,90.0,74.7,"מגדל 22 קומות | כיוון מערב - פוטנציאל נוף ים; כיוון דרום | יעילות שטח טובה (25.7 מ""ר/חדר); יחס מרפסת 16.9% | מחסן בינוני (8.09 מ""ר); 2 חניות | שכיח (10 יחידות)"
8,11,2,3,82.34,20.64,נוף פתוח רב-כיווני,62.1,80.0,81.0,74.7,"יחידת פינה/רב-כיוונית | כיוון מערב - פוטנציאל נוף ים; 3 כיווני אוויר | יעילות שטח טובה (27.4 מ""ר/חדר); יחס מרפסת 25.1% | מחסן בינוני (8.9 מ""ר); 2 חניות | שכיח (14 יחידות); 3 חדרים - נפוץ בפרויקט"
6,3,2,5,125.93,24.27,נוף פתוח רב-כיווני,62.1,80.0,82.0,74.6,"יחידת פינה/רב-כיוונית | כיוון מערב - פוטנציאל נוף ים; 3 כיווני אוויר | יעילות שטח טובה (25.2 מ""ר/חדר); יחס מרפסת 19.3% | מחסן (6.9 מ""ר); 2 חניות | שכיח (18 יחידות)"
8,5,2,3,82.34,20.64,נוף פתוח רב-כיווני,62.1,80.0,80.0,74.6,"יחידת פינה/רב-כיוונית | כיוון מערב - פוטנציאל נוף ים; 3 כיווני אוויר | יעילות שטח טובה (27.4 מ""ר/חדר); יחס מרפסת 25.1% | מחסן בינוני (8.99 מ""ר); 2 חניות | שכיח (15 יחידות); 3 חדרים - נפוץ בפרויקט"
3,6,1,5,125.93,24.27,נוף פתוח רב-כיווני,58.6,80.0,83.0,74.6,"יחידת פינה/רב-כיוונית | כיוון מערב - פוטנציאל נוף ים; 3 כיווני אוויר | יעילות שטח טובה (25.2 מ""ר/חדר); יחס מרפסת 19.3% | מחסן בינוני (7.4 מ""ר); 2 חניות | שכיח (17 יחידות)"
23,7,6,5.5,144.26,23.94,נוף מערבי (פוטנציאל ים),57.9,80.0,91.0,74.6,"מגדל 22 קומות | כיוון מערב - פוטנציאל נוף ים | יעילות שטח טובה (26.2 מ""ר/חדר); יחס מרפסת 16.6% | מחסן בינוני (7.37 מ""ר); 2 חניות | שכיח (9 יחידות)"
2,9,1,4,113.97,24.71,נוף פתוח רב-כיווני,56.2,80.0,92.0,74.6,"יחידת פינה/רב-כיוונית; קרבה אפשרית ללובי/מעלית | כיוון מערב - פוטנציאל נוף ים; 3 כיווני אוויר | יעילות שטח טובה (28.5 מ""ר/חדר); יחס מרפסת 21.7% | מחסן (6.27 מ""ר); 2 חניות | מוגבל (8 יחידות)"
4,1,2,5,128.98,24.22,נוף פתוח רב-כיווני,63.3,80.0,96.0,74.5,"יחידת פינה/רב-כיוונית | כיוון דרום; 3 כיווני אוויר | יעילות שטח טובה (25.8 מ""ר/חדר); יחס מרפסת 18.8% | מחסן (5.49 מ""ר); 2 חניות | מוגבל (4 יחידות)"
3,10,1,5,125.93,24.27,נוף פתוח רב-כיווני,58.6,80.0,82.0,74.5,"יחידת פינה/רב-כיוונית | כיוון מערב - פוטנציאל נוף ים; 3 כיווני אוויר | יעילות שטח טובה (25.2 מ""ר/חדר); יחס מרפסת 19.3% | מחסן בינוני (7.27 מ""ר); 2 חניות | שכיח (18 יחידות)"
4,11,1,5,127.03,24.29,נוף מערבי (פוטנציאל ים),53.6,80.0,86.0,74.5,"כיוון מערב - פוטנציאל נוף ים; כיוון דרום | יעילות שטח טובה (25.4 מ""ר/חדר); יחס מרפסת 19.1% | מחסן גדול (9.03 מ""ר); 2 חניות | שכיח (14 יחידות)"
1,14,1,5.5,140.38,24.24,נוף מערבי (פוטנציאל ים),44.1,80.0,100,74.4,"מגדל 22 קומות; קומה נמוכה במגדל; קרבה אפשרית ללובי/מעלית | כיוון מערב - פוטנציאל נוף ים; כיוון דרום | יעילות שטח טובה (25.5 מ""ר/חדר); יחס מרפסת 17.3% | מחסן גדול (9.91 מ""ר); 2 חניות | נדירות גבוהה (1 "
21,14,5,5.5,139.78,23.91,נוף מערבי (פוטנציאל ים),55.7,80.0,77.1,74.4,"מגדל 22 קומות | כיוון מערב - פוטנציאל נוף ים; כיוון דרום | יעילות שטח טובה (25.4 מ""ר/חדר); יחס מרפסת 17.1% | מחסן גדול (9.71 מ""ר); 2 חניות | שכיח (23 יחידות)"
7,3,2,5,127.03,24.29,נוף מערבי (פוטנציאל ים),57.1,80.0,85.0,74.3,"כיוון מערב - פוטנציאל נוף ים; כיוון דרום | יעילות שטח טובה (25.4 מ""ר/חדר); יחס מרפסת 19.1% | מחסן בינוני (7.99 מ""ר); 2 חניות | שכיח (15 יחידות)"
67,7,14,3,83.90,23.90,נוף דרומי,75.0,80.0,62.1,74.3,"מגדל 22 קומות | כיוון דרום; גובה מגדל מגביר נוף | יעילות שטח טובה (28.0 מ""ר/חדר); יחס מרפסת 28.5% | מחסן גדול (9.23 מ""ר); 2 חניות | שכיח (33 יחידות); 3 חדרים - נפוץ בפרויקט"
7,10,2,5,127.03,24.29,נוף מערבי (פוטנציאל ים),57.1,80.0,85.0,74.3,"כיוון מערב - פוטנציאל נוף ים; כיוון דרום | יעילות שטח טובה (25.4 מ""ר/חדר); יחס מרפסת 19.1% | מחסן בינוני (7.86 מ""ר); 2 חניות | שכיח (15 יחידות)"
10,2,3,5,125.85,21.27,נוף פתוח רב-כיווני,65.7,80.0,88.0,74.2,"יחידת פינה/רב-כיוונית | כיוון דרום; 3 כיווני אוויר | יעילות שטח טובה (25.2 מ""ר/חדר); יחס מרפסת 16.9% | מחסן בינוני (8.8 מ""ר); 2 חניות | שכיח (12 יחידות)"
60,7,13,5,125.03,18.41,נוף צפוני/עירוני,72.9,80.0,84.0,74.2,"מגדל 22 קומות | גובה מגדל מגביר נוף | יעילות שטח טובה (25.0 מ""ר/חדר); יחס מרפסת 14.7% | מחסן בינוני (8.59 מ""ר); 2 חניות | שכיח (16 יחידות)"
67,14,14,4,113.65,18.41,נוף צפוני/עירוני,75.0,80.0,84.0,74.2,"מגדל 22 קומות | גובה מגדל מגביר נוף | יעילות שטח טובה (28.4 מ""ר/חדר); יחס מרפסת 16.2% | מחסן (5.69 מ""ר); 2 חניות | שכיח (16 יחידות)"
74,14,15,3,83.90,23.90,נוף פנורמי גבוה (ים/עיר) - מוערך,77.1,80.0,62.1,74.2,"מגדל 22 קומות; קומה גבוהה במגדל | כיוון דרום; גובה מגדל מגביר נוף | יעילות שטח טובה (28.0 מ""ר/חדר); יחס מרפסת 28.5% | מחסן בינוני (8.89 מ""ר); 2 חניות | שכיח (33 יחידות); 3 חדרים - נפוץ בפרויקט"
3,13,1,5,125.84,21.46,נוף פתוח רב-כיווני,58.6,80.0,88.0,74.1,"יחידת פינה/רב-כיוונית | כיוון מערב - פוטנציאל נוף ים; 3 כיווני אוויר | יעילות שטח טובה (25.2 מ""ר/חדר); יחס מרפסת 17.1% | מחסן (6.5 מ""ר); 2 חניות | שכיח (12 יחידות)"
17,10,5,3,82.34,20.64,נוף פתוח רב-כיווני,72.9,80.0,80.0,74.0,"יחידת פינה/רב-כיוונית | כיוון דרום; 3 כיווני אוויר | יעילות שטח טובה (27.4 מ""ר/חדר); יחס מרפסת 25.1% | מחסן (6.44 מ""ר); 2 חניות | שכיח (15 יחידות); 3 חדרים - נפוץ בפרויקט"
35,14,8,5.5,142.42,23.94,נוף ים מוערך,62.1,80.0,77.1,74.0,"מגדל 22 קומות | כיוון מערב - פוטנציאל נוף ים | יעילות שטח טובה (25.9 מ""ר/חדר); יחס מרפסת 16.8% | מחסן בינוני (8.24 מ""ר); 2 חניות | שכיח (23 יחידות)"
11,3,3,3,82.34,20.64,נוף פתוח רב-כיווני,65.7,80.0,80.0,73.9,"יחידת פינה/רב-כיוונית | כיוון דרום; 3 כיווני אוויר | יעילות שטח טובה (27.4 מ""ר/חדר); יחס מרפסת 25.1% | מחסן גדול (9.07 מ""ר); 2 חניות | שכיח (15 יחידות); 3 חדרים - נפוץ בפרויקט"
9,7,3,5.5,141.28,23.90,נוף מערבי (פוטנציאל ים),51.4,80.0,90.0,73.9,"מגדל 22 קומות; קומה נמוכה במגדל | כיוון מערב - פוטנציאל נוף ים; כיוון דרום | יעילות שטח טובה (25.7 מ""ר/חדר); יחס מרפסת 16.9% | מחסן בינוני (8.11 מ""ר); 2 חניות | שכיח (10 יחידות)"
6,11,2,5,125.93,24.27,נוף פתוח רב-כיווני,62.1,80.0,83.0,73.9,"יחידת פינה/רב-כיוונית | כיוון דרום; 3 כיווני אוויר | יעילות שטח טובה (25.2 מ""ר/חדר); יחס מרפסת 19.3% | מחסן גדול (9.16 מ""ר); 2 חניות | שכיח (17 יחידות)"
5,12,2,4,116.70,24.89,נוף פתוח רב-כיווני,63.3,80.0,92.0,73.9,"יחידת פינה/רב-כיוונית | כיוון דרום; 3 כיווני אוויר | יעילות שטח טובה (29.2 מ""ר/חדר); יחס מרפסת 21.3% | מחסן (5.67 מ""ר); 2 חניות | מוגבל (8 יחידות)"
1,13,קרקע+ מרתף,5,202.94,288.50,נוף פתוח רב-כיווני,45,72.0,100,73.9,"קרקע+מרתף; יחידת פינה/רב-כיוונית | כיוון מערב - פוטנציאל נוף ים; 3 כיווני אוויר | שטח מרווח (40.6 מ""ר/חדר); מרפסת/גינה גדולה (142.2%) | מחסן בינוני (8.91 מ""ר); מרפסת/גינה יוצאת דופן; 2 חניות; יחידת שו"
18,7,5,5.5,144.26,23.94,נוף מערבי (פוטנציאל ים),55.7,80.0,91.0,73.8,"מגדל 22 קומות | כיוון מערב - פוטנציאל נוף ים | יעילות שטח טובה (26.2 מ""ר/חדר); יחס מרפסת 16.6% | מחסן בינוני (7.53 מ""ר); 2 חניות | שכיח (9 יחידות)"
5,11,1,3,82.34,20.64,נוף פתוח רב-כיווני,58.6,80.0,81.0,73.8,"יחידת פינה/רב-כיוונית | כיוון מערב - פוטנציאל נוף ים; 3 כיווני אוויר | יעילות שטח טובה (27.4 מ""ר/חדר); יחס מרפסת 25.1% | מחסן בינוני (7.59 מ""ר); 2 חניות | שכיח (14 יחידות); 3 חדרים - נפוץ בפרויקט"
4,4,1,5,127.03,24.29,נוף מערבי (פוטנציאל ים),54.2,80.0,86.0,73.7,"כיוון מערב - פוטנציאל נוף ים; כיוון דרום | יעילות שטח טובה (25.4 מ""ר/חדר); יחס מרפסת 19.1% | מחסן בינוני (8.24 מ""ר); 2 חניות | שכיח (14 יחידות)"
5,5,1,3,82.34,20.64,נוף פתוח רב-כיווני,58.6,80.0,80.0,73.7,"יחידת פינה/רב-כיוונית | כיוון מערב - פוטנציאל נוף ים; 3 כיווני אוויר | יעילות שטח טובה (27.4 מ""ר/חדר); יחס מרפסת 25.1% | מחסן בינוני (8.38 מ""ר); 2 חניות | שכיח (15 יחידות); 3 חדרים - נפוץ בפרויקט"
62,7,13,3,83.90,23.90,נוף דרומי,72.9,80.0,62.1,73.6,"מגדל 22 קומות | כיוון דרום; גובה מגדל מגביר נוף | יעילות שטח טובה (28.0 מ""ר/חדר); יחס מרפסת 28.5% | מחסן גדול (9.28 מ""ר); 2 חניות | שכיח (33 יחידות); 3 חדרים - נפוץ בפרויקט"
16,14,4,5.5,139.78,23.91,נוף מערבי (פוטנציאל ים),53.6,80.0,77.1,73.6,"מגדל 22 קומות | כיוון מערב - פוטנציאל נוף ים; כיוון דרום | יעילות שטח טובה (25.4 מ""ר/חדר); יחס מרפסת 17.1% | מחסן גדול (9.75 מ""ר); 2 חניות | שכיח (23 יחידות)"
62,14,13,4,113.65,18.41,נוף צפוני/עירוני,72.9,80.0,84.0,73.5,"מגדל 22 קומות | גובה מגדל מגביר נוף | יעילות שטח טובה (28.4 מ""ר/חדר); יחס מרפסת 16.2% | מחסן (5.69 מ""ר); 2 חניות | שכיח (16 יחידות)"
55,7,12,5,125.03,18.41,נוף צפוני/עירוני,70.7,80.0,84.0,73.4,"מגדל 22 קומות | גובה מגדל מגביר נוף | יעילות שטח טובה (25.0 מ""ר/חדר); יחס מרפסת 14.7% | מחסן בינוני (8.64 מ""ר); 2 חניות | שכיח (16 יחידות)"
4,10,1,5,127.03,24.29,נוף מערבי (פוטנציאל ים),53.6,80.0,85.0,73.4,"כיוון מערב - פוטנציאל נוף ים; כיוון דרום | יעילות שטח טובה (25.4 מ""ר/חדר); יחס מרפסת 19.1% | מחסן בינוני (7.52 מ""ר); 2 חניות | שכיח (15 יחידות)"
69,14,14,3,83.90,23.90,נוף דרומי,75.0,80.0,62.1,73.4,"מגדל 22 קומות | כיוון דרום; גובה מגדל מגביר נוף | יעילות שטח טובה (28.0 מ""ר/חדר); יחס מרפסת 28.5% | מחסן בינוני (8.65 מ""ר); 2 חניות | שכיח (33 יחידות); 3 חדרים - נפוץ בפרויקט"
7,2,2,5,125.85,21.27,נוף פתוח רב-כיווני,62.1,80.0,88.0,73.3,"יחידת פינה/רב-כיוונית | כיוון דרום; 3 כיווני אוויר | יעילות שטח טובה (25.2 מ""ר/חדר); יחס מרפסת 16.9% | מחסן בינוני (8.53 מ""ר); 2 חניות | שכיח (12 יחידות)"
6,4,2,5,125.93,24.27,נוף פתוח רב-כיווני,63.3,80.0,83.0,73.3,"יחידת פינה/רב-כיוונית | כיוון דרום; 3 כיווני אוויר | יעילות שטח טובה (25.2 מ""ר/חדר); יחס מרפסת 19.3% | מחסן בינוני (8.78 מ""ר); 2 חניות | שכיח (17 יחידות)"
14,10,4,3,82.34,20.64,נוף פתוח רב-כיווני,69.3,80.0,80.0,73.1,"יחידת פינה/רב-כיוונית | כיוון דרום; 3 כיווני אוויר | יעילות שטח טובה (27.4 מ""ר/חדר); יחס מרפסת 25.1% | מחסן (6.23 מ""ר); 2 חניות | שכיח (15 יחידות); 3 חדרים - נפוץ בפרויקט"
13,7,4,5.5,144.26,23.94,נוף מערבי (פוטנציאל ים),53.6,80.0,91.0,73.0,"מגדל 22 קומות | כיוון מערב - פוטנציאל נוף ים | יעילות שטח טובה (26.2 מ""ר/חדר); יחס מרפסת 16.6% | מחסן בינוני (7.71 מ""ר); 2 חניות | שכיח (9 יחידות)"
3,11,1,5,125.93,24.27,נוף פתוח רב-כיווני,58.6,80.0,83.0,73.0,"יחידת פינה/רב-כיוונית | כיוון דרום; 3 כיווני אוויר | יעילות שטח טובה (25.2 מ""ר/חדר); יחס מרפסת 19.3% | מחסן גדול (9.07 מ""ר); 2 חניות | שכיח (17 יחידות)"
2,11,קרקע+ מרתף,4,184.87,200.38,נוף מערבי (פוטנציאל ים),40,72.0,100,72.9,"קרקע+מרתף | כיוון מערב - פוטנציאל נוף ים; כיוון דרום | שטח מרווח (46.2 מ""ר/חדר); מרפסת/גינה גדולה (108.4%) | מחסן גדול (9.47 מ""ר); מרפסת/גינה יוצאת דופן; 2 חניות; יחידת שוק חופשי (מפרט עשיר מוערך) | נ"
14,2,4,3,80.00,17.98,נוף מערבי (פוטנציאל ים),64.3,80.0,83.0,72.8,"כיוון מערב - פוטנציאל נוף ים | יעילות שטח טובה (26.7 מ""ר/חדר); יחס מרפסת 22.5% | מחסן בינוני (8.86 מ""ר); 2 חניות | שכיח (12 יחידות); 3 חדרים - נפוץ בפרויקט"
1,7,1,5.5,140.20,24.24,נוף מערבי (פוטנציאל ים),44.1,80.0,100,72.8,"מגדל 22 קומות; קומה נמוכה במגדל; קרבה אפשרית ללובי/מעלית | כיוון מערב - פוטנציאל נוף ים; כיוון דרום | יעילות שטח טובה (25.5 מ""ר/חדר); יחס מרפסת 17.3% | מחסן (6.04 מ""ר); 2 חניות | נדירות גבוהה (1 יחידו"
57,7,12,3,83.90,23.90,נוף דרומי,70.7,80.0,62.1,72.8,"מגדל 22 קומות | כיוון דרום; גובה מגדל מגביר נוף | יעילות שטח טובה (28.0 מ""ר/חדר); יחס מרפסת 28.5% | מחסן גדול (9.35 מ""ר); 2 חניות | שכיח (33 יחידות); 3 חדרים - נפוץ בפרויקט"
11,14,3,5.5,139.78,23.91,נוף מערבי (פוטנציאל ים),51.4,80.0,77.1,72.8,"מגדל 22 קומות; קומה נמוכה במגדל | כיוון מערב - פוטנציאל נוף ים; כיוון דרום | יעילות שטח טובה (25.4 מ""ר/חדר); יחס מרפסת 17.1% | מחסן גדול (9.75 מ""ר); 2 חניות | שכיח (23 יחידות)"
59,14,12,3,83.90,23.90,נוף דרומי,70.7,80.0,62.1,72.8,"מגדל 22 קומות | כיוון דרום; גובה מגדל מגביר נוף | יעילות שטח טובה (28.0 מ""ר/חדר); יחס מרפסת 28.5% | מחסן גדול (9.32 מ""ר); 2 חניות | שכיח (33 יחידות); 3 חדרים - נפוץ בפרויקט"
2,1,1,5,128.98,24.22,נוף פתוח רב-כיווני,56.2,80.0,96.0,72.7,"יחידת פינה/רב-כיוונית; קרבה אפשרית ללובי/מעלית | כיוון דרום; 3 כיווני אוויר | יעילות שטח טובה (25.8 מ""ר/חדר); יחס מרפסת 18.8% | מחסן (5.46 מ""ר); 2 חניות | מוגבל (4 יחידות)"
4,3,1,5,127.03,24.29,נוף מערבי (פוטנציאל ים),53.6,80.0,85.0,72.7,"כיוון מערב - פוטנציאל נוף ים; כיוון דרום | יעילות שטח טובה (25.4 מ""ר/חדר); יחס מרפסת 19.1% | מחסן (6.46 מ""ר); 2 חניות | שכיח (15 יחידות)"
50,7,11,5,125.03,18.41,נוף צפוני/עירוני,68.6,80.0,84.0,72.7,"מגדל 22 קומות | יעילות שטח טובה (25.0 מ""ר/חדר); יחס מרפסת 14.7% | מחסן בינוני (8.65 מ""ר); 2 חניות | שכיח (16 יחידות)"
57,14,12,4,113.65,18.41,נוף צפוני/עירוני,70.7,80.0,84.0,72.7,"מגדל 22 קומות | גובה מגדל מגביר נוף | יעילות שטח טובה (28.4 מ""ר/חדר); יחס מרפסת 16.2% | מחסן (5.69 מ""ר); 2 חניות | שכיח (16 יחידות)"
64,14,13,3,83.90,23.90,נוף דרומי,72.9,80.0,62.1,72.7,"מגדל 22 קומות | כיוון דרום; גובה מגדל מגביר נוף | יעילות שטח טובה (28.0 מ""ר/חדר); יחס מרפסת 28.5% | מחסן בינוני (8.55 מ""ר); 2 חניות | שכיח (33 יחידות); 3 חדרים - נפוץ בפרויקט"
25,14,6,5.5,142.42,23.94,נוף מערבי (פוטנציאל ים),57.9,80.0,77.1,72.5,"מגדל 22 קומות | כיוון מערב - פוטנציאל נוף ים | יעילות שטח טובה (25.9 מ""ר/חדר); יחס מרפסת 16.8% | מחסן בינוני (8.44 מ""ר); 2 חניות | שכיח (23 יחידות)"
30,14,7,5.5,142.42,23.94,נוף מערבי (פוטנציאל ים),60.0,80.0,77.1,72.5,"מגדל 22 קומות | כיוון מערב - פוטנציאל נוף ים | יעילות שטח טובה (25.9 מ""ר/חדר); יחס מרפסת 16.8% | מחסן (5.99 מ""ר); 2 חניות | שכיח (23 יחידות)"
4,2,1,5,125.85,21.27,נוף פתוח רב-כיווני,58.6,80.0,88.0,72.4,"יחידת פינה/רב-כיוונית | כיוון דרום; 3 כיווני אוויר | יעילות שטח טובה (25.2 מ""ר/חדר); יחס מרפסת 16.9% | מחסן בינוני (8.19 מ""ר); 2 חניות | שכיח (12 יחידות)"
16,6,5,5,127.03,24.29,נוף דרומי,67.9,80.0,86.0,72.4,"כיוון דרום | יעילות שטח טובה (25.4 מ""ר/חדר); יחס מרפסת 19.1% | מחסן בינוני (7.3 מ""ר); 2 חניות | שכיח (14 יחידות)"
4,7,2,5.5,141.28,23.90,נוף מערבי (פוטנציאל ים),49.3,80.0,90.0,72.3,"מגדל 22 קומות; קומה נמוכה במגדל | כיוון מערב - פוטנציאל נוף ים; כיוון דרום | יעילות שטח טובה (25.7 מ""ר/חדר); יחס מרפסת 16.9% | מחסן (6.45 מ""ר); 2 חניות | שכיח (10 יחידות)"
8,7,3,5.5,144.26,23.94,נוף מערבי (פוטנציאל ים),51.4,80.0,91.0,72.3,"מגדל 22 קומות; קומה נמוכה במגדל | כיוון מערב - פוטנציאל נוף ים | יעילות שטח טובה (26.2 מ""ר/חדר); יחס מרפסת 16.6% | מחסן בינוני (7.75 מ""ר); 2 חניות | שכיח (9 יחידות)"
3,4,1,5,125.93,24.27,נוף פתוח רב-כיווני,59.2,80.0,83.0,72.2,"יחידת פינה/רב-כיוונית | כיוון דרום; 3 כיווני אוויר | יעילות שטח טובה (25.2 מ""ר/חדר); יחס מרפסת 19.3% | מחסן בינוני (8.56 מ""ר); 2 חניות | שכיח (17 יחידות)"
16,5,5,5,127.03,24.29,נוף דרומי,67.9,80.0,85.0,72.2,"כיוון דרום | יעילות שטח טובה (25.4 מ""ר/חדר); יחס מרפסת 19.1% | מחסן בינוני (7.95 מ""ר); 2 חניות | שכיח (15 יחידות)"
11,10,3,3,82.34,20.64,נוף פתוח רב-כיווני,65.7,80.0,80.0,72.2,"יחידת פינה/רב-כיוונית | כיוון דרום; 3 כיווני אוויר | יעילות שטח טובה (27.4 מ""ר/חדר); יחס מרפסת 25.1% | מחסן (6.05 מ""ר); 2 חניות | שכיח (15 יחידות); 3 חדרים - נפוץ בפרויקט"
3,12,1,4,116.70,24.89,נוף פתוח רב-כיווני,59.2,80.0,92.0,72.2,"יחידת פינה/רב-כיוונית | כיוון דרום; 3 כיווני אוויר | יעילות שטח טובה (29.2 מ""ר/חדר); יחס מרפסת 21.3% | 2 חניות | מוגבל (8 יחידות)"
5,3,1,3,82.34,20.64,נוף פתוח רב-כיווני,58.6,80.0,80.0,72.1,"יחידת פינה/רב-כיוונית | כיוון דרום; 3 כיווני אוויר | יעילות שטח טובה (27.4 מ""ר/חדר); יחס מרפסת 25.1% | מחסן גדול (9.31 מ""ר); 2 חניות | שכיח (15 יחידות); 3 חדרים - נפוץ בפרויקט"
8,3,2,3,82.34,20.64,נוף פתוח רב-כיווני,62.1,80.0,80.0,72.1,"יחידת פינה/רב-כיוונית | כיוון דרום; 3 כיווני אוויר | יעילות שטח טובה (27.4 מ""ר/חדר); יחס מרפסת 25.1% | מחסן בינוני (8.83 מ""ר); 2 חניות | שכיח (15 יחידות); 3 חדרים - נפוץ בפרויקט"
6,14,2,5.5,139.78,23.91,נוף מערבי (פוטנציאל ים),49.3,80.0,77.1,72.1,"מגדל 22 קומות; קומה נמוכה במגדל | כיוון מערב - פוטנציאל נוף ים; כיוון דרום | יעילות שטח טובה (25.4 מ""ר/חדר); יחס מרפסת 17.1% | מחסן גדול (9.86 מ""ר); 2 חניות | שכיח (23 יחידות)"
52,7,11,3,83.90,23.90,נוף דרומי,68.6,80.0,62.1,72.0,"מגדל 22 קומות | כיוון דרום | יעילות שטח טובה (28.0 מ""ר/חדר); יחס מרפסת 28.5% | מחסן גדול (9.48 מ""ר); 2 חניות | שכיח (33 יחידות); 3 חדרים - נפוץ בפרויקט"
54,14,11,3,83.90,23.90,נוף דרומי,68.6,80.0,62.1,72.0,"מגדל 22 קומות | כיוון דרום | יעילות שטח טובה (28.0 מ""ר/חדר); יחס מרפסת 28.5% | מחסן גדול (9.32 מ""ר); 2 חניות | שכיח (33 יחידות); 3 חדרים - נפוץ בפרויקט"
11,2,3,3,80.00,17.98,נוף מערבי (פוטנציאל ים),60.7,80.0,83.0,71.9,"כיוון מערב - פוטנציאל נוף ים | יעילות שטח טובה (26.7 מ""ר/חדר); יחס מרפסת 22.5% | מחסן בינוני (7.61 מ""ר); 2 חניות | שכיח (12 יחידות); 3 חדרים - נפוץ בפרויקט"
45,7,10,5,125.03,18.41,נוף צפוני/עירוני,66.4,80.0,84.0,71.9,"מגדל 22 קומות | יעילות שטח טובה (25.0 מ""ר/חדר); יחס מרפסת 14.7% | מחסן בינוני (8.68 מ""ר); 2 חניות | שכיח (16 יחידות)"
1,11,קרקע+ מרתף,4,179.23,130.89,נוף פתוח רב-כיווני,45,72.0,100,71.9,"קרקע+מרתף; יחידת פינה/רב-כיוונית | כיוון דרום; 3 כיווני אוויר | שטח מרווח (44.8 מ""ר/חדר); מרפסת/גינה גדולה (73.0%) | מחסן גדול (9.71 מ""ר); מרפסת/גינה יוצאת דופן; 2 חניות; יחידת שוק חופשי (מפרט עשיר מו"
15,14,4,5.5,142.42,23.94,נוף מערבי (פוטנציאל ים),53.6,80.0,77.1,71.9,"מגדל 22 קומות | כיוון מערב - פוטנציאל נוף ים | יעילות שטח טובה (25.9 מ""ר/חדר); יחס מרפסת 16.8% | מחסן גדול (9.7 מ""ר); 2 חניות | שכיח (23 יחידות)"
52,14,11,4,113.65,18.41,נוף צפוני/עירוני,68.6,80.0,84.0,71.9,"מגדל 22 קומות | יעילות שטח טובה (28.4 מ""ר/חדר); יחס מרפסת 16.2% | מחסן (5.69 מ""ר); 2 חניות | שכיח (16 יחידות)"
81,7,17,3,82.83,23.91,נוף מוגבל,81.4,80.0,58.1,71.8,"מגדל 22 קומות; קומה גבוהה במגדל | גובה מגדל מגביר נוף | יעילות שטח טובה (27.6 מ""ר/חדר); יחס מרפסת 28.9% | מחסן גדול (9.01 מ""ר); 2 חניות | שכיח (37 יחידות); 3 חדרים - נפוץ בפרויקט"
17,13,5,3,80.00,17.98,נוף דרומי,67.9,80.0,95,71.8,"כיוון דרום | יעילות שטח טובה (26.7 מ""ר/חדר); יחס מרפסת 22.5% | מחסן (6.19 מ""ר); 2 חניות | נדירות גבוהה (3 יחידות); 3 חדרים - נפוץ בפרויקט"
86,7,18,3,82.83,23.91,נוף מוגבל,83.6,80.0,58.1,71.7,"מגדל 22 קומות; קומה גבוהה במגדל | גובה מגדל מגביר נוף | יעילות שטח טובה (27.6 מ""ר/חדר); יחס מרפסת 28.9% | מחסן בינוני (8.99 מ""ר); 2 חניות | שכיח (37 יחידות); 3 חדרים - נפוץ בפרויקט"
90,7,19,3,82.83,23.91,נוף מוגבל,85.7,80.0,58.1,71.7,"מגדל 22 קומות; קומה גבוהה במגדל | גובה מגדל מגביר נוף | יעילות שטח טובה (27.6 מ""ר/חדר); יחס מרפסת 28.9% | מחסן (5.44 מ""ר); 2 חניות | שכיח (37 יחידות); 3 חדרים - נפוץ בפרויקט"
20,14,5,5.5,142.42,23.94,נוף מערבי (פוטנציאל ים),55.7,80.0,77.1,71.7,"מגדל 22 קומות | כיוון מערב - פוטנציאל נוף ים | יעילות שטח טובה (25.9 מ""ר/חדר); יחס מרפסת 16.8% | מחסן בינוני (8.46 מ""ר); 2 חניות | שכיח (23 יחידות)"
92,14,19,3,82.83,23.91,נוף מוגבל,85.7,80.0,58.1,71.7,"מגדל 22 קומות; קומה גבוהה במגדל | גובה מגדל מגביר נוף | יעילות שטח טובה (27.6 מ""ר/חדר); יחס מרפסת 28.9% | מחסן (5.44 מ""ר); 2 חניות | שכיח (37 יחידות); 3 חדרים - נפוץ בפרויקט"
13,6,4,5,127.03,24.29,נוף דרומי,64.3,80.0,86.0,71.5,"כיוון דרום | יעילות שטח טובה (25.4 מ""ר/חדר); יחס מרפסת 19.1% | מחסן בינוני (7.43 מ""ר); 2 חניות | שכיח (14 יחידות)"
3,7,2,5.5,144.26,23.94,נוף מערבי (פוטנציאל ים),49.3,80.0,91.0,71.5,"מגדל 22 קומות; קומה נמוכה במגדל | כיוון מערב - פוטנציאל נוף ים | יעילות שטח טובה (26.2 מ""ר/חדר); יחס מרפסת 16.6% | מחסן בינוני (7.83 מ""ר); 2 חניות | שכיח (9 יחידות)"
13,5,4,5,127.03,24.29,נוף דרומי,64.3,80.0,85.0,71.3,"כיוון דרום | יעילות שטח טובה (25.4 מ""ר/חדר); יחס מרפסת 19.1% | מחסן בינוני (7.14 מ""ר); 2 חניות | שכיח (15 יחידות)"
8,10,2,3,82.34,20.64,נוף פתוח רב-כיווני,62.1,80.0,80.0,71.3,"יחידת פינה/רב-כיוונית | כיוון דרום; 3 כיווני אוויר | יעילות שטח טובה (27.4 מ""ר/חדר); יחס מרפסת 25.1% | מחסן (6.05 מ""ר); 2 חניות | שכיח (15 יחידות); 3 חדרים - נפוץ בפרויקט"
35,7,8,5,125.03,18.41,נוף צפוני/עירוני,62.1,80.0,84.0,71.2,"מגדל 22 קומות | יעילות שטח טובה (25.0 מ""ר/חדר); יחס מרפסת 14.7% | מחסן גדול (9.57 מ""ר); 2 חניות | שכיח (16 יחידות)"
47,7,10,3,83.90,23.90,נוף דרומי,66.4,80.0,62.1,71.2,"מגדל 22 קומות | כיוון דרום | יעילות שטח טובה (28.0 מ""ר/חדר); יחס מרפסת 28.5% | מחסן גדול (9.5 מ""ר); 2 חניות | שכיח (33 יחידות); 3 חדרים - נפוץ בפרויקט"
49,14,10,3,83.90,23.90,נוף דרומי,66.4,80.0,62.1,71.2,"מגדל 22 קומות | כיוון דרום | יעילות שטח טובה (28.0 מ""ר/חדר); יחס מרפסת 28.5% | מחסן גדול (9.33 מ""ר); 2 חניות | שכיח (33 יחידות); 3 חדרים - נפוץ בפרויקט"
40,7,9,5,125.03,18.41,נוף צפוני/עירוני,64.3,80.0,84.0,71.1,"מגדל 22 קומות | יעילות שטח טובה (25.0 מ""ר/חדר); יחס מרפסת 14.7% | מחסן בינוני (8.74 מ""ר); 2 חניות | שכיח (16 יחידות)"
10,14,3,5.5,142.42,23.94,נוף מערבי (פוטנציאל ים),51.4,80.0,77.1,71.1,"מגדל 22 קומות; קומה נמוכה במגדל | כיוון מערב - פוטנציאל נוף ים | יעילות שטח טובה (25.9 מ""ר/חדר); יחס מרפסת 16.8% | מחסן גדול (9.81 מ""ר); 2 חניות | שכיח (23 יחידות)"
47,14,10,4,113.65,18.41,נוף צפוני/עירוני,66.4,80.0,84.0,71.1,"מגדל 22 קומות | יעילות שטח טובה (28.4 מ""ר/חדר); יחס מרפסת 16.2% | מחסן (5.69 מ""ר); 2 חניות | שכיח (16 יחידות)"
8,2,2,3,80.00,17.98,נוף מערבי (פוטנציאל ים),57.1,80.0,83.0,71.0,"כיוון מערב - פוטנציאל נוף ים | יעילות שטח טובה (26.7 מ""ר/חדר); יחס מרפסת 22.5% | מחסן בינוני (7.52 מ""ר); 2 חניות | שכיח (12 יחידות); 3 חדרים - נפוץ בפרויקט"
76,7,16,3,82.83,23.91,נוף מוגבל,79.3,80.0,58.1,71.0,"מגדל 22 קומות; קומה גבוהה במגדל | גובה מגדל מגביר נוף | יעילות שטח טובה (27.6 מ""ר/חדר); יחס מרפסת 28.9% | מחסן גדול (9.16 מ""ר); 2 חניות | שכיח (37 יחידות); 3 חדרים - נפוץ בפרויקט"
88,14,18,3,82.83,23.91,נוף מוגבל,83.6,80.0,58.1,70.9,"מגדל 22 קומות; קומה גבוהה במגדל | גובה מגדל מגביר נוף | יעילות שטח טובה (27.6 מ""ר/חדר); יחס מרפסת 28.9% | מחסן (5.57 מ""ר); 2 חניות | שכיח (37 יחידות); 3 חדרים - נפוץ בפרויקט"
17,8,5,3,80.00,17.98,נוף צפוני/עירוני,67.9,80.0,95,70.8,"יעילות שטח טובה (26.7 מ""ר/חדר); יחס מרפסת 22.5% | מחסן בינוני (7.59 מ""ר); 2 חניות | נדירות גבוהה (3 יחידות); 3 חדרים - נפוץ בפרויקט"
10,6,3,5,127.03,24.29,נוף דרומי,60.7,80.0,86.0,70.6,"כיוון דרום | יעילות שטח טובה (25.4 מ""ר/חדר); יחס מרפסת 19.1% | מחסן בינוני (7.18 מ""ר); 2 חניות | שכיח (14 יחידות)"
42,7,9,3,83.90,23.90,נוף דרומי,64.3,80.0,62.1,70.5,"מגדל 22 קומות | כיוון דרום | יעילות שטח טובה (28.0 מ""ר/חדר); יחס מרפסת 28.5% | מחסן גדול (9.54 מ""ר); 2 חניות | שכיח (33 יחידות); 3 חדרים - נפוץ בפרויקט"
44,14,9,3,83.90,23.90,נוף דרומי,64.3,80.0,62.1,70.5,"מגדל 22 קומות | כיוון דרום | יעילות שטח טובה (28.0 מ""ר/חדר); יחס מרפסת 28.5% | מחסן גדול (9.34 מ""ר); 2 חניות | שכיח (33 יחידות); 3 חדרים - נפוץ בפרויקט"
10,5,3,5,127.03,24.29,נוף דרומי,60.7,80.0,85.0,70.4,"כיוון דרום | יעילות שטח טובה (25.4 מ""ר/חדר); יחס מרפסת 19.1% | מחסן בינוני (7.13 מ""ר); 2 חניות | שכיח (15 יחידות)"
5,10,1,3,82.34,20.64,נוף פתוח רב-כיווני,58.6,80.0,80.0,70.4,"יחידת פינה/רב-כיוונית | כיוון דרום; 3 כיווני אוויר | יעילות שטח טובה (27.4 מ""ר/חדר); יחס מרפסת 25.1% | מחסן (5.88 מ""ר); 2 חניות | שכיח (15 יחידות); 3 חדרים - נפוץ בפרויקט"
42,14,9,4,113.65,18.41,נוף צפוני/עירוני,64.3,80.0,84.0,70.4,"מגדל 22 קומות | יעילות שטח טובה (28.4 מ""ר/חדר); יחס מרפסת 16.2% | מחסן (5.69 מ""ר); 2 חניות | שכיח (16 יחידות)"
71,7,15,3,82.83,23.91,נוף מוגבל,77.1,80.0,58.1,70.3,"מגדל 22 קומות; קומה גבוהה במגדל | גובה מגדל מגביר נוף | יעילות שטח טובה (27.6 מ""ר/חדר); יחס מרפסת 28.9% | מחסן גדול (9.23 מ""ר); 2 חניות | שכיח (37 יחידות); 3 חדרים - נפוץ בפרויקט"
5,14,2,5.5,142.42,23.94,נוף מערבי (פוטנציאל ים),49.3,80.0,77.1,70.3,"מגדל 22 קומות; קומה נמוכה במגדל | כיוון מערב - פוטנציאל נוף ים | יעילות שטח טובה (25.9 מ""ר/חדר); יחס מרפסת 16.8% | מחסן גדול (9.87 מ""ר); 2 חניות | שכיח (23 יחידות)"
83,14,17,3,82.83,23.91,נוף מוגבל,81.4,80.0,58.1,70.2,"מגדל 22 קומות; קומה גבוהה במגדל | גובה מגדל מגביר נוף | יעילות שטח טובה (27.6 מ""ר/חדר); יחס מרפסת 28.9% | מחסן (5.57 מ""ר); 2 חניות | שכיח (37 יחידות); 3 חדרים - נפוץ בפרויקט"
37,7,8,3,83.90,23.90,נוף דרומי,62.1,80.0,62.1,69.7,"מגדל 22 קומות | כיוון דרום | יעילות שטח טובה (28.0 מ""ר/חדר); יחס מרפסת 28.5% | מחסן גדול (9.55 מ""ר); 2 חניות | שכיח (33 יחידות); 3 חדרים - נפוץ בפרויקט"
39,14,8,3,83.90,23.90,נוף דרומי,62.1,80.0,62.1,69.7,"מגדל 22 קומות | כיוון דרום | יעילות שטח טובה (28.0 מ""ר/חדר); יחס מרפסת 28.5% | מחסן גדול (9.34 מ""ר); 2 חניות | שכיח (33 יחידות); 3 חדרים - נפוץ בפרויקט"
30,7,7,5,125.03,18.41,נוף צפוני/עירוני,60.0,80.0,84.0,69.6,"מגדל 22 קומות | יעילות שטח טובה (25.0 מ""ר/חדר); יחס מרפסת 14.7% | מחסן בינוני (8.75 מ""ר); 2 חניות | שכיח (16 יחידות)"
37,14,8,4,113.65,18.41,נוף צפוני/עירוני,62.1,80.0,84.0,69.6,"מגדל 22 קומות | יעילות שטח טובה (28.4 מ""ר/חדר); יחס מרפסת 16.2% | מחסן (5.69 מ""ר); 2 חניות | שכיח (16 יחידות)"
7,5,2,5,127.03,24.29,נוף דרומי,57.1,80.0,85.0,69.5,"כיוון דרום | יעילות שטח טובה (25.4 מ""ר/חדר); יחס מרפסת 19.1% | מחסן בינוני (7.1 מ""ר); 2 חניות | שכיח (15 יחידות)"
66,7,14,3,82.83,23.91,נוף מוגבל,75.0,80.0,58.1,69.5,"מגדל 22 קומות | גובה מגדל מגביר נוף | יעילות שטח טובה (27.6 מ""ר/חדר); יחס מרפסת 28.9% | מחסן גדול (9.26 מ""ר); 2 חניות | שכיח (37 יחידות); 3 חדרים - נפוץ בפרויקט"
5,2,1,3,80.00,17.98,נוף מערבי (פוטנציאל ים),53.6,80.0,83.0,69.4,"כיוון מערב - פוטנציאל נוף ים | יעילות שטח טובה (26.7 מ""ר/חדר); יחס מרפסת 22.5% | מחסן (6.86 מ""ר); 2 חניות | שכיח (12 יחידות); 3 חדרים - נפוץ בפרויקט"
78,14,16,3,82.83,23.91,נוף מוגבל,79.3,80.0,58.1,69.4,"מגדל 22 קומות; קומה גבוהה במגדל | גובה מגדל מגביר נוף | יעילות שטח טובה (27.6 מ""ר/חדר); יחס מרפסת 28.9% | מחסן (5.57 מ""ר); 2 חניות | שכיח (37 יחידות); 3 חדרים - נפוץ בפרויקט"
14,13,4,3,80.00,17.98,נוף דרומי,64.3,80.0,83.0,69.1,"כיוון דרום | יעילות שטח טובה (26.7 מ""ר/חדר); יחס מרפסת 22.5% | מחסן (6.04 מ""ר); 2 חניות | שכיח (12 יחידות); 3 חדרים - נפוץ בפרויקט"
7,6,2,5,127.03,24.29,נוף דרומי,57.1,80.0,86.0,68.9,"כיוון דרום | יעילות שטח טובה (25.4 מ""ר/חדר); יחס מרפסת 19.1% | מחסן (6.92 מ""ר); 2 חניות | שכיח (14 יחידות)"
32,7,7,3,83.90,23.90,נוף דרומי,60.0,80.0,62.1,68.9,"מגדל 22 קומות | כיוון דרום | יעילות שטח טובה (28.0 מ""ר/חדר); יחס מרפסת 28.5% | מחסן גדול (9.59 מ""ר); 2 חניות | שכיח (33 יחידות); 3 חדרים - נפוץ בפרויקט"
34,14,7,3,83.90,23.90,נוף דרומי,60.0,80.0,62.1,68.9,"מגדל 22 קומות | כיוון דרום | יעילות שטח טובה (28.0 מ""ר/חדר); יחס מרפסת 28.5% | מחסן גדול (9.42 מ""ר); 2 חניות | שכיח (33 יחידות); 3 חדרים - נפוץ בפרויקט"
25,7,6,5,125.03,18.41,נוף צפוני/עירוני,57.9,80.0,84.0,68.8,"מגדל 22 קומות | יעילות שטח טובה (25.0 מ""ר/חדר); יחס מרפסת 14.7% | מחסן בינוני (8.87 מ""ר); 2 חניות | שכיח (16 יחידות)"
32,14,7,4,113.65,18.41,נוף צפוני/עירוני,60.0,80.0,84.0,68.8,"מגדל 22 קומות | יעילות שטח טובה (28.4 מ""ר/חדר); יחס מרפסת 16.2% | מחסן (5.69 מ""ר); 2 חניות | שכיח (16 יחידות)"
4,5,1,5,127.03,24.29,נוף דרומי,53.6,80.0,85.0,68.7,"כיוון דרום | יעילות שטח טובה (25.4 מ""ר/חדר); יחס מרפסת 19.1% | מחסן בינוני (7.01 מ""ר); 2 חניות | שכיח (15 יחידות)"
61,7,13,3,82.83,23.91,נוף מוגבל,72.9,80.0,58.1,68.7,"מגדל 22 קומות | גובה מגדל מגביר נוף | יעילות שטח טובה (27.6 מ""ר/חדר); יחס מרפסת 28.9% | מחסן גדול (9.34 מ""ר); 2 חניות | שכיח (37 יחידות); 3 חדרים - נפוץ בפרויקט"
73,14,15,3,82.83,23.91,נוף מוגבל,77.1,80.0,58.1,68.6,"מגדל 22 קומות; קומה גבוהה במגדל | גובה מגדל מגביר נוף | יעילות שטח טובה (27.6 מ""ר/חדר); יחס מרפסת 28.9% | מחסן (5.57 מ""ר); 2 חניות | שכיח (37 יחידות); 3 חדרים - נפוץ בפרויקט"
27,7,6,3,83.90,23.90,נוף דרומי,57.9,80.0,62.1,68.2,"מגדל 22 קומות | כיוון דרום | יעילות שטח טובה (28.0 מ""ר/חדר); יחס מרפסת 28.5% | מחסן גדול (9.63 מ""ר); 2 חניות | שכיח (33 יחידות); 3 חדרים - נפוץ בפרויקט"
11,13,3,3,80.00,17.98,נוף דרומי,60.7,80.0,83.0,68.2,"כיוון דרום | יעילות שטח טובה (26.7 מ""ר/חדר); יחס מרפסת 22.5% | מחסן (5.89 מ""ר); 2 חניות | שכיח (12 יחידות); 3 חדרים - נפוץ בפרויקט"
29,14,6,3,83.90,23.90,נוף דרומי,57.9,80.0,62.1,68.2,"מגדל 22 קומות | כיוון דרום | יעילות שטח טובה (28.0 מ""ר/חדר); יחס מרפסת 28.5% | מחסן גדול (9.46 מ""ר); 2 חניות | שכיח (33 יחידות); 3 חדרים - נפוץ בפרויקט"
14,8,4,3,80.00,17.98,נוף צפוני/עירוני,64.3,80.0,83.0,68.1,"יעילות שטח טובה (26.7 מ""ר/חדר); יחס מרפסת 22.5% | מחסן בינוני (7.03 מ""ר); 2 חניות | שכיח (12 יחידות); 3 חדרים - נפוץ בפרויקט"
4,6,1,5,127.03,24.29,נוף דרומי,53.6,80.0,86.0,68.0,"כיוון דרום | יעילות שטח טובה (25.4 מ""ר/חדר); יחס מרפסת 19.1% | מחסן (6.7 מ""ר); 2 חניות | שכיח (14 יחידות)"
20,7,5,5,125.03,18.41,נוף צפוני/עירוני,55.7,80.0,84.0,68.0,"מגדל 22 קומות | יעילות שטח טובה (25.0 מ""ר/חדר); יחס מרפסת 14.7% | מחסן בינוני (8.87 מ""ר); 2 חניות | שכיח (16 יחידות)"
27,14,6,4,113.65,18.41,נוף צפוני/עירוני,57.9,80.0,84.0,68.0,"מגדל 22 קומות | יעילות שטח טובה (28.4 מ""ר/חדר); יחס מרפסת 16.2% | מחסן (5.69 מ""ר); 2 חניות | שכיח (16 יחידות)"
56,7,12,3,82.83,23.91,נוף מוגבל,70.7,80.0,58.1,67.9,"מגדל 22 קומות | גובה מגדל מגביר נוף | יעילות שטח טובה (27.6 מ""ר/חדר); יחס מרפסת 28.9% | מחסן גדול (9.35 מ""ר); 2 חניות | שכיח (37 יחידות); 3 חדרים - נפוץ בפרויקט"
68,14,14,3,82.83,23.91,נוף מוגבל,75.0,80.0,58.1,67.8,"מגדל 22 קומות | גובה מגדל מגביר נוף | יעילות שטח טובה (27.6 מ""ר/חדר); יחס מרפסת 28.9% | מחסן (5.57 מ""ר); 2 חניות | שכיח (37 יחידות); 3 חדרים - נפוץ בפרויקט"
22,7,5,3,83.90,23.90,נוף דרומי,55.7,80.0,62.1,67.4,"מגדל 22 קומות | כיוון דרום | יעילות שטח טובה (28.0 מ""ר/חדר); יחס מרפסת 28.5% | מחסן גדול (9.7 מ""ר); 2 חניות | שכיח (33 יחידות); 3 חדרים - נפוץ בפרויקט"
24,14,5,3,83.90,23.90,נוף דרומי,55.7,80.0,62.1,67.4,"מגדל 22 קומות | כיוון דרום | יעילות שטח טובה (28.0 מ""ר/חדר); יחס מרפסת 28.5% | מחסן גדול (9.48 מ""ר); 2 חניות | שכיח (33 יחידות); 3 חדרים - נפוץ בפרויקט"
8,13,2,3,80.00,17.98,נוף דרומי,57.1,80.0,83.0,67.3,"כיוון דרום | יעילות שטח טובה (26.7 מ""ר/חדר); יחס מרפסת 22.5% | מחסן (5.27 מ""ר); 2 חניות | שכיח (12 יחידות); 3 חדרים - נפוץ בפרויקט"
22,14,5,4,113.65,18.41,נוף צפוני/עירוני,55.7,80.0,84.0,67.3,"מגדל 22 קומות | יעילות שטח טובה (28.4 מ""ר/חדר); יחס מרפסת 16.2% | מחסן (5.69 מ""ר); 2 חניות | שכיח (16 יחידות)"
15,7,4,5,125.03,18.41,נוף צפוני/עירוני,53.6,80.0,84.0,67.2,"מגדל 22 קומות | יעילות שטח טובה (25.0 מ""ר/חדר); יחס מרפסת 14.7% | מחסן בינוני (8.9 מ""ר); 2 חניות | שכיח (16 יחידות)"
51,7,11,3,82.83,23.91,נוף מוגבל,68.6,80.0,58.1,67.2,"מגדל 22 קומות | יעילות שטח טובה (27.6 מ""ר/חדר); יחס מרפסת 28.9% | מחסן גדול (9.48 מ""ר); 2 חניות | שכיח (37 יחידות); 3 חדרים - נפוץ בפרויקט"
63,14,13,3,82.83,23.91,נוף מוגבל,72.9,80.0,58.1,67.1,"מגדל 22 קומות | גובה מגדל מגביר נוף | יעילות שטח טובה (27.6 מ""ר/חדר); יחס מרפסת 28.9% | מחסן (5.57 מ""ר); 2 חניות | שכיח (37 יחידות); 3 חדרים - נפוץ בפרויקט"
2,7,1,5,147.73,18.41,נוף צפוני/עירוני,44.1,80.0,100,66.6,"מגדל 22 קומות; קומה נמוכה במגדל; קרבה אפשרית ללובי/מעלית | יעילות שטח טובה (29.5 מ""ר/חדר); יחס מרפסת 12.5% | מחסן בינוני (8.1 מ""ר); 2 חניות | נדירות גבוהה (1 יחידות)"
17,7,4,3,83.90,23.90,נוף דרומי,53.6,80.0,62.1,66.6,"מגדל 22 קומות | כיוון דרום | יעילות שטח טובה (28.0 מ""ר/חדר); יחס מרפסת 28.5% | מחסן גדול (9.74 מ""ר); 2 חניות | שכיח (33 יחידות); 3 חדרים - נפוץ בפרויקט"
19,14,4,3,83.90,23.90,נוף דרומי,53.6,80.0,62.1,66.6,"מגדל 22 קומות | כיוון דרום | יעילות שטח טובה (28.0 מ""ר/חדר); יחס מרפסת 28.5% | מחסן גדול (9.5 מ""ר); 2 חניות | שכיח (33 יחידות); 3 חדרים - נפוץ בפרויקט"
10,7,3,5,125.03,18.41,נוף צפוני/עירוני,51.4,80.0,84.0,66.5,"מגדל 22 קומות; קומה נמוכה במגדל | יעילות שטח טובה (25.0 מ""ר/חדר); יחס מרפסת 14.7% | מחסן בינוני (8.92 מ""ר); 2 חניות | שכיח (16 יחידות)"
17,14,4,4,113.65,18.41,נוף צפוני/עירוני,53.6,80.0,84.0,66.5,"מגדל 22 קומות | יעילות שטח טובה (28.4 מ""ר/חדר); יחס מרפסת 16.2% | מחסן (5.69 מ""ר); 2 חניות | שכיח (16 יחידות)"
46,7,10,3,82.83,23.91,נוף מוגבל,66.4,80.0,58.1,66.4,"מגדל 22 קומות | יעילות שטח טובה (27.6 מ""ר/חדר); יחס מרפסת 28.9% | מחסן גדול (9.53 מ""ר); 2 חניות | שכיח (37 יחידות); 3 חדרים - נפוץ בפרויקט"
11,8,3,3,80.00,17.98,נוף צפוני/עירוני,60.7,80.0,83.0,66.4,"יעילות שטח טובה (26.7 מ""ר/חדר); יחס מרפסת 22.5% | מחסן (5.39 מ""ר); 2 חניות | שכיח (12 יחידות); 3 חדרים - נפוץ בפרויקט"
5,13,1,3,80.00,17.98,נוף דרומי,53.6,80.0,83.0,66.4,"כיוון דרום | יעילות שטח טובה (26.7 מ""ר/חדר); יחס מרפסת 22.5% | מחסן (5.19 מ""ר); 2 חניות | שכיח (12 יחידות); 3 חדרים - נפוץ בפרויקט"
58,14,12,3,82.83,23.91,נוף מוגבל,70.7,80.0,58.1,66.3,"מגדל 22 קומות | גובה מגדל מגביר נוף | יעילות שטח טובה (27.6 מ""ר/חדר); יחס מרפסת 28.9% | מחסן (5.57 מ""ר); 2 חניות | שכיח (37 יחידות); 3 חדרים - נפוץ בפרויקט"
12,7,3,3,83.90,23.90,נוף דרומי,51.4,80.0,62.1,65.8,"מגדל 22 קומות; קומה נמוכה במגדל | כיוון דרום | יעילות שטח טובה (28.0 מ""ר/חדר); יחס מרפסת 28.5% | מחסן גדול (9.81 מ""ר); 2 חניות | שכיח (33 יחידות); 3 חדרים - נפוץ בפרויקט"
2,14,1,4,113.71,18.41,נוף צפוני/עירוני,44.1,80.0,100,65.8,"מגדל 22 קומות; קומה נמוכה במגדל; קרבה אפשרית ללובי/מעלית | יעילות שטח טובה (28.4 מ""ר/חדר); יחס מרפסת 16.2% | מחסן (5.69 מ""ר); 2 חניות | נדירות גבוהה (1 יחידות)"
14,14,3,3,83.90,23.90,נוף דרומי,51.4,80.0,62.1,65.8,"מגדל 22 קומות; קומה נמוכה במגדל | כיוון דרום | יעילות שטח טובה (28.0 מ""ר/חדר); יחס מרפסת 28.5% | מחסן גדול (9.54 מ""ר); 2 חניות | שכיח (33 יחידות); 3 חדרים - נפוץ בפרויקט"
5,7,2,5,125.03,18.41,נוף צפוני/עירוני,49.3,80.0,84.0,65.7,"מגדל 22 קומות; קומה נמוכה במגדל | יעילות שטח טובה (25.0 מ""ר/חדר); יחס מרפסת 14.7% | מחסן בינוני (8.94 מ""ר); 2 חניות | שכיח (16 יחידות)"
12,14,3,4,113.65,18.41,נוף צפוני/עירוני,51.4,80.0,84.0,65.7,"מגדל 22 קומות; קומה נמוכה במגדל | יעילות שטח טובה (28.4 מ""ר/חדר); יחס מרפסת 16.2% | מחסן (5.69 מ""ר); 2 חניות | שכיח (16 יחידות)"
41,7,9,3,82.83,23.91,נוף מוגבל,64.3,80.0,58.1,65.6,"מגדל 22 קומות | יעילות שטח טובה (27.6 מ""ר/חדר); יחס מרפסת 28.9% | מחסן גדול (9.55 מ""ר); 2 חניות | שכיח (37 יחידות); 3 חדרים - נפוץ בפרויקט"
8,8,2,3,80.00,17.98,נוף צפוני/עירוני,57.1,80.0,83.0,65.5,"יעילות שטח טובה (26.7 מ""ר/חדר); יחס מרפסת 22.5% | מחסן (5.26 מ""ר); 2 חניות | שכיח (12 יחידות); 3 חדרים - נפוץ בפרויקט"
53,14,11,3,82.83,23.91,נוף מוגבל,68.6,80.0,58.1,65.5,"מגדל 22 קומות | יעילות שטח טובה (27.6 מ""ר/חדר); יחס מרפסת 28.9% | מחסן (5.57 מ""ר); 2 חניות | שכיח (37 יחידות); 3 חדרים - נפוץ בפרויקט"
9,14,2,3,83.90,23.90,נוף דרומי,49.3,80.0,62.1,65.1,"מגדל 22 קומות; קומה נמוכה במגדל | כיוון דרום | יעילות שטח טובה (28.0 מ""ר/חדר); יחס מרפסת 28.5% | מחסן גדול (9.54 מ""ר); 2 חניות | שכיח (33 יחידות); 3 חדרים - נפוץ בפרויקט"
7,14,2,4,113.65,18.41,נוף צפוני/עירוני,49.3,80.0,84.0,64.9,"מגדל 22 קומות; קומה נמוכה במגדל | יעילות שטח טובה (28.4 מ""ר/חדר); יחס מרפסת 16.2% | מחסן (5.69 מ""ר); 2 חניות | שכיח (16 יחידות)"
36,7,8,3,82.83,23.91,נוף מוגבל,62.1,80.0,58.1,64.8,"מגדל 22 קומות | יעילות שטח טובה (27.6 מ""ר/חדר); יחס מרפסת 28.9% | מחסן גדול (9.58 מ""ר); 2 חניות | שכיח (37 יחידות); 3 חדרים - נפוץ בפרויקט"
48,14,10,3,82.83,23.91,נוף מוגבל,66.4,80.0,58.1,64.7,"מגדל 22 קומות | יעילות שטח טובה (27.6 מ""ר/חדר); יחס מרפסת 28.9% | מחסן (5.57 מ""ר); 2 חניות | שכיח (37 יחידות); 3 חדרים - נפוץ בפרויקט"
5,8,1,3,80.00,17.98,נוף צפוני/עירוני,53.6,80.0,83.0,64.6,"יעילות שטח טובה (26.7 מ""ר/חדר); יחס מרפסת 22.5% | מחסן (5.26 מ""ר); 2 חניות | שכיח (12 יחידות); 3 חדרים - נפוץ בפרויקט"
4,14,1,3,83.90,23.90,נוף דרומי,47.1,80.0,62.1,64.3,"מגדל 22 קומות; קומה נמוכה במגדל | כיוון דרום | יעילות שטח טובה (28.0 מ""ר/חדר); יחס מרפסת 28.5% | מחסן גדול (9.59 מ""ר); 2 חניות | שכיח (33 יחידות); 3 חדרים - נפוץ בפרויקט"
7,7,2,3,83.90,23.90,נוף דרומי,49.3,80.0,62.1,64.2,"מגדל 22 קומות; קומה נמוכה במגדל | כיוון דרום | יעילות שטח טובה (28.0 מ""ר/חדר); יחס מרפסת 28.5% | מחסן בינוני (8.6 מ""ר); 2 חניות | שכיח (33 יחידות); 3 חדרים - נפוץ בפרויקט"
31,7,7,3,82.83,23.91,נוף מוגבל,60.0,80.0,58.1,64.1,"מגדל 22 קומות | יעילות שטח טובה (27.6 מ""ר/חדר); יחס מרפסת 28.9% | מחסן גדול (9.59 מ""ר); 2 חניות | שכיח (37 יחידות); 3 חדרים - נפוץ בפרויקט"
43,14,9,3,82.83,23.91,נוף מוגבל,64.3,80.0,58.1,64.0,"מגדל 22 קומות | יעילות שטח טובה (27.6 מ""ר/חדר); יחס מרפסת 28.9% | מחסן (5.57 מ""ר); 2 חניות | שכיח (37 יחידות); 3 חדרים - נפוץ בפרויקט"
26,7,6,3,82.83,23.91,נוף מוגבל,57.9,80.0,58.1,63.3,"מגדל 22 קומות | יעילות שטח טובה (27.6 מ""ר/חדר); יחס מרפסת 28.9% | מחסן גדול (9.65 מ""ר); 2 חניות | שכיח (37 יחידות); 3 חדרים - נפוץ בפרויקט"
38,14,8,3,82.83,23.91,נוף מוגבל,62.1,80.0,58.1,63.2,"מגדל 22 קומות | יעילות שטח טובה (27.6 מ""ר/חדר); יחס מרפסת 28.9% | מחסן (5.57 מ""ר); 2 חניות | שכיח (37 יחידות); 3 חדרים - נפוץ בפרויקט"
21,7,5,3,82.83,23.91,נוף מוגבל,55.7,80.0,58.1,62.5,"מגדל 22 קומות | יעילות שטח טובה (27.6 מ""ר/חדר); יחס מרפסת 28.9% | מחסן גדול (9.7 מ""ר); 2 חניות | שכיח (37 יחידות); 3 חדרים - נפוץ בפרויקט"
33,14,7,3,82.83,23.91,נוף מוגבל,60.0,80.0,58.1,62.4,"מגדל 22 קומות | יעילות שטח טובה (27.6 מ""ר/חדר); יחס מרפסת 28.9% | מחסן (5.57 מ""ר); 2 חניות | שכיח (37 יחידות); 3 חדרים - נפוץ בפרויקט"
16,7,4,3,82.83,23.91,נוף מוגבל,53.6,80.0,58.1,61.8,"מגדל 22 קומות | יעילות שטח טובה (27.6 מ""ר/חדר); יחס מרפסת 28.9% | מחסן גדול (9.75 מ""ר); 2 חניות | שכיח (37 יחידות); 3 חדרים - נפוץ בפרויקט"
28,14,6,3,82.83,23.91,נוף מוגבל,57.9,80.0,58.1,61.7,"מגדל 22 קומות | יעילות שטח טובה (27.6 מ""ר/חדר); יחס מרפסת 28.9% | מחסן (5.57 מ""ר); 2 חניות | שכיח (37 יחידות); 3 חדרים - נפוץ בפרויקט"
23,14,5,3,82.83,23.91,נוף מוגבל,55.7,80.0,58.1,60.9,"מגדל 22 קומות | יעילות שטח טובה (27.6 מ""ר/חדר); יחס מרפסת 28.9% | מחסן (5.57 מ""ר); 2 חניות | שכיח (37 יחידות); 3 חדרים - נפוץ בפרויקט"
6,7,2,3,82.83,23.91,נוף מוגבל,49.3,80.0,58.1,60.2,"מגדל 22 קומות; קומה נמוכה במגדל | יעילות שטח טובה (27.6 מ""ר/חדר); יחס מרפסת 28.9% | מחסן גדול (9.22 מ""ר); 2 חניות | שכיח (37 יחידות); 3 חדרים - נפוץ בפרויקט"
11,7,3,3,82.83,23.91,נוף מוגבל,51.4,80.0,58.1,60.1,"מגדל 22 קומות; קומה נמוכה במגדל | יעילות שטח טובה (27.6 מ""ר/חדר); יחס מרפסת 28.9% | מחסן בינוני (8.46 מ""ר); 2 חניות | שכיח (37 יחידות); 3 חדרים - נפוץ בפרויקט"
18,14,4,3,82.83,23.91,נוף מוגבל,53.6,80.0,58.1,60.1,"מגדל 22 קומות | יעילות שטח טובה (27.6 מ""ר/חדר); יחס מרפסת 28.9% | מחסן (5.57 מ""ר); 2 חניות | שכיח (37 יחידות); 3 חדרים - נפוץ בפרויקט"
13,14,3,3,82.83,23.91,נוף מוגבל,51.4,80.0,58.1,59.3,"מגדל 22 קומות; קומה נמוכה במגדל | יעילות שטח טובה (27.6 מ""ר/חדר); יחס מרפסת 28.9% | מחסן (5.57 מ""ר); 2 חניות | שכיח (37 יחידות); 3 חדרים - נפוץ בפרויקט"
8,14,2,3,82.83,23.91,נוף מוגבל,49.3,80.0,58.1,58.6,"מגדל 22 קומות; קומה נמוכה במגדל | יעילות שטח טובה (27.6 מ""ר/חדר); יחס מרפסת 28.9% | מחסן (5.57 מ""ר); 2 חניות | שכיח (37 יחידות); 3 חדרים - נפוץ בפרויקט"
3,14,1,3,82.83,23.91,נוף מוגבל,47.1,80.0,58.1,57.8,"מגדל 22 קומות; קומה נמוכה במגדל | יעילות שטח טובה (27.6 מ""ר/חדר); יחס מרפסת 28.9% | מחסן (5.57 מ""ר); 2 חניות | שכיח (37 יחידות); 3 חדרים - נפוץ בפרויקט"
